SurveyID,Country,Ecoregion,SiteCode,SiteLat,SiteLong,geom,SurveyDate,Depth,Apogon imberbis,Atherina hepsetus,Boops boops,Centrolabrus exoletus,Chelon labrosus,Chromis chromis,Chrysophrys auratus,Coris julis,Ctenolabrus rupestris,Dentex dentex,Diplodus annularis,Diplodus cervinus,Diplodus puntazzo,Diplodus sargus,Diplodus vulgaris,Epinephelus costae,Epinephelus marginatus,Gobius bucchichi,Gobius xanthocephalus,Labrus merula,Labrus viridis,Mullus surmuletus,Muraena helena,Oblada melanura,Octopus vulgaris,Pagrus pagrus,Parablennius pilicornis,Parablennius rouxi,Pomadasys incisus,Sarpa salpa,Sciaena umbra,Seriola dumerili,Serranus cabrilla,Serranus scriba,Spicara maena,Spicara smaris,Spondyliosoma cantharus,Symphodus cinereus,Symphodus doderleini,Symphodus mediterraneus,Symphodus melanocercus,Symphodus ocellatus,Symphodus roissali,Symphodus rostratus,Symphodus tinca,Thalassoma pavo,Tripterygion delaisi
912354158,Morocco,Alboran Sea,MEL10,35.32,-2.95,POINT (-2.95 35.32),2020-07-31T14:00:00Z,8.3,0,0,0,0,0,501,0,58,0,0,0,0,0,0,13,0,1,2,0,0,0,9,0,0,1,0,0,0,0,2,0,0,1,2,0,0,0,0,0,0,0,25,5,0,2,13,0
912354159,Morocco,Alboran Sea,MEL10,35.32,-2.95,POINT (-2.95 35.32),2020-07-31T14:00:00Z,8.5,1,0,0,0,0,111,0,78,0,0,2,0,0,5,23,0,0,0,0,0,0,4,0,5,0,0,0,0,2,0,0,0,0,4,0,0,0,0,2,1,0,7,2,0,12,16,0
912354160,Morocco,Alboran Sea,MEL12,35.32,-2.95,POINT (-2.95 35.32),2020-08-02T14:00:00Z,10.4,0,0,30,0,0,302,0,207,0,0,1,0,0,1,54,0,0,0,0,0,0,13,0,0,0,0,0,0,1,6,0,0,7,14,0,0,0,0,2,0,0,15,0,0,5,138,0
912354161,Morocco,Alboran Sea,MEL12,35.32,-2.95,POINT (-2.95 35.32),2020-08-02T14:00:00Z,10.6,0,0,780,0,0,1359,0,379,0,0,2,0,1,7,74,0,2,0,0,0,0,1,0,10,0,0,0,0,35,3,0,0,5,10,0,0,0,0,1,1,0,78,0,0,13,125,0
912354162,Morocco,Alboran Sea,MEL12,35.32,-2.95,POINT (-2.95 35.32),2020-07-31T14:00:00Z,10.6,0,0,20,0,0,245,0,45,0,0,0,0,0,0,22,0,1,0,0,0,0,0,0,8,0,0,0,0,6,0,0,0,0,1,0,0,0,0,0,0,0,43,0,0,3,10,0
912354163,Morocco,Alboran Sea,MEL12,35.32,-2.95,POINT (-2.95 35.32),2020-08-03T14:00:00Z,11.6,0,0,0,0,0,30,0,377,0,0,0,0,0,0,12,0,0,0,0,0,0,4,0,0,0,0,0,0,0,0,0,0,40,17,0,0,0,0,8,0,0,10,0,0,0,23,0
912354164,Morocco,Alboran Sea,MEL12,35.32,-2.95,POINT (-2.95 35.32),2020-08-03T14:00:00Z,12.4,13,0,0,0,0,610,0,143,0,0,0,0,0,0,37,0,1,0,0,0,0,36,0,0,0,0,0,0,0,1,0,0,16,9,0,0,0,2,1,0,0,15,0,0,1,17,0
912354171,Morocco,Alboran Sea,MEL12,35.32,-2.95,POINT (-2.95 35.32),2020-08-02T14:00:00Z,7.8,0,0,175,0,0,93,0,100,0,0,1,0,0,2,46,0,0,0,0,0,0,30,0,1,0,0,0,0,0,30,0,0,0,4,0,0,0,0,1,0,0,87,1,0,9,5,0
912354172,Morocco,Alboran Sea,MEL12,35.32,-2.95,POINT (-2.95 35.32),2020-07-31T14:00:00Z,8.7,0,0,90,0,0,85,0,139,0,0,1,0,0,0,28,0,0,0,0,0,0,30,0,8,0,0,0,0,0,0,0,0,6,3,0,0,0,0,0,0,0,42,0,0,3,24,0
912354173,Morocco,Alboran Sea,MEL12,35.32,-2.95,POINT (-2.95 35.32),2020-08-02T14:00:00Z,8.7,0,0,573,0,0,105,0,129,0,0,2,0,1,0,26,0,0,0,0,0,0,5,0,11,0,0,0,0,0,0,0,0,1,7,0,0,0,0,3,0,0,45,1,0,2,7,0
912354174,Morocco,Alboran Sea,MEL12,35.32,-2.95,POINT (-2.95 35.32),2020-08-01T14:00:00Z,9.0,1,0,4,0,0,147,0,73,0,0,2,0,0,2,16,0,0,0,0,0,0,4,0,30,0,0,0,0,1,0,0,0,1,5,0,0,0,0,3,1,0,216,2,0,7,18,0
912354165,Morocco,Alboran Sea,MEL9,35.21,-3.89,POINT (-3.89 35.21),2020-08-04T14:00:00Z,5.6,0,0,0,0,0,80,0,4,0,0,0,0,0,0,28,0,0,0,0,0,0,0,0,0,0,0,0,0,0,0,0,0,11,0,0,0,0,0,0,0,0,0,0,0,0,0,0
912354166,Morocco,Alboran Sea,MEL9,35.21,-3.89,POINT (-3.89 35.21),2020-08-05T14:00:00Z,4.4,0,0,0,0,0,191,0,15,0,0,1,0,0,10,53,0,0,0,0,0,0,39,0,0,0,0,2,0,0,0,0,0,18,0,0,0,1,0,0,0,0,0,0,0,1,7,0
912354175,Morocco,Alboran Sea,MEL12,35.32,-2.95,POINT (-2.95 35.32),2020-08-01T14:00:00Z,9.2,0,0,0,0,0,195,0,33,0,0,1,0,0,0,17,0,0,0,0,0,0,5,0,49,0,0,0,0,4,1,0,0,0,3,0,0,0,0,1,1,0,19,1,0,6,26,0
912354169,Spain,Alboran Sea,MEL3,35.31,-2.95,POINT (-2.95 35.31),2020-07-31T14:00:00Z,4.6,0,0,0,0,0,1062,0,175,0,0,0,0,0,0,24,0,0,0,0,0,0,0,0,0,0,0,0,0,0,0,0,0,0,17,0,0,0,0,1,0,0,0,1,0,25,362,0
912354170,Spain,Alboran Sea,MEL3,35.31,-2.95,POINT (-2.95 35.31),2020-07-31T14:00:00Z,5.4,0,0,0,0,0,288,1,51,0,0,0,0,0,0,53,0,0,0,0,0,0,1,0,0,0,0,0,0,0,0,0,0,0,23,0,0,0,0,0,0,0,0,0,0,15,51,0
912354176,Spain,Alboran Sea,MEL3,35.31,-2.95,POINT (-2.95 35.31),2020-08-01T14:00:00Z,4.1,0,0,0,0,0,63,1,271,0,0,0,0,0,0,21,0,0,0,0,0,0,40,0,20,0,0,0,0,0,0,0,0,0,26,0,0,0,0,0,0,0,20,0,0,1,228,0
912354177,Spain,Alboran Sea,MEL3,35.31,-2.95,POINT (-2.95 35.31),2020-08-01T14:00:00Z,5.3,0,0,0,0,0,116,0,356,0,0,0,0,0,0,51,0,2,0,0,0,0,2,0,22,1,0,0,0,0,0,0,0,0,23,0,0,0,1,0,0,0,4,0,0,12,155,0
912354167,Morocco,Alboran Sea,MEL31,35.29,-2.92,POINT (-2.92 35.29),2020-07-30T14:00:00Z,6.6,0,0,0,0,0,273,0,0,0,0,2,0,0,0,26,0,0,0,0,0,0,22,0,0,0,0,0,0,0,21,0,0,1,2,0,0,0,0,0,0,0,0,1,0,4,22,0
912354168,Morocco,Alboran Sea,MEL31,35.29,-2.92,POINT (-2.92 35.29),2020-07-30T14:00:00Z,12.2,0,0,0,0,0,123,0,50,0,0,0,0,0,0,16,0,0,0,0,0,0,44,0,15,0,0,0,0,0,0,0,0,14,4,0,0,2,0,1,0,0,14,0,0,2,10,0
912350292,Republic of Malta,Ionian Sea,MALT1,35.92,14.5,POINT (14.5 35.92),2016-06-17T14:00:00Z,11.0,27,0,0,0,0,9,0,5,0,0,0,0,0,0,1,0,0,0,0,0,0,0,0,0,0,0,0,0,0,0,0,0,12,0,0,0,0,0,20,3,0,0,0,0,0,25,0
912349155,Spain,Alboran Sea,AND46,36.72,-3.73,POINT (-3.73 36.72),2015-06-29T14:00:00Z,5.9,26,0,320,0,0,710,0,107,0,0,0,1,0,0,20,0,0,0,0,0,0,17,0,0,0,0,0,0,0,2,0,0,13,0,0,0,0,0,0,4,0,1,0,0,7,91,0
912349156,Spain,Alboran Sea,AND46,36.72,-3.73,POINT (-3.73 36.72),2015-06-29T14:00:00Z,6.3,3,0,455,0,0,732,0,9,0,0,0,0,0,0,1,0,0,0,0,0,0,1,0,0,0,0,4,0,0,4,0,0,3,0,1,0,0,0,0,0,0,0,0,0,0,13,0
912349157,Spain,Alboran Sea,AND47,36.71,-3.4,POINT (-3.4 36.71),2015-06-30T14:00:00Z,8.4,0,0,46,0,0,442,0,40,1,0,1,0,0,0,3,0,0,0,0,0,0,2,0,0,0,0,0,0,0,0,0,0,5,0,0,0,0,0,1,3,0,0,1,1,0,18,0
912349158,Spain,Alboran Sea,AND47,36.71,-3.4,POINT (-3.4 36.71),2015-06-30T14:00:00Z,9.0,0,0,1,0,0,507,0,41,0,0,0,0,0,1,1,0,0,0,0,0,0,0,0,1,0,0,5,0,0,1,0,0,9,0,0,0,0,0,0,1,0,2,4,1,0,75,0
912349159,Spain,Alboran Sea,AND48,36.71,-3.39,POINT (-3.39 36.71),2015-06-30T14:00:00Z,8.4,0,0,80,1,0,1050,0,53,0,0,0,1,0,1,5,0,0,0,0,0,0,3,0,0,0,0,0,0,0,0,0,0,12,0,0,0,0,0,1,7,0,4,2,1,0,127,0
912349160,Spain,Alboran Sea,AND48,36.71,-3.39,POINT (-3.39 36.71),2015-06-30T14:00:00Z,7.0,0,0,102,1,0,650,0,30,2,0,0,0,0,1,0,0,0,0,0,0,0,0,0,0,0,0,2,0,0,0,0,0,4,1,0,0,0,0,0,11,0,7,2,0,1,43,0
912349161,Spain,Alboran Sea,AND49,36.74,-3.6,POINT (-3.6 36.74),2015-06-30T14:00:00Z,6.1,0,0,100,0,0,280,0,13,0,0,0,0,0,0,1,0,0,0,0,0,0,47,0,0,0,0,15,0,0,0,0,0,2,0,0,0,0,0,0,0,0,0,0,0,0,9,0
912349162,Spain,Alboran Sea,AND49,36.74,-3.6,POINT (-3.6 36.74),2015-06-30T14:00:00Z,6.2,0,0,10,0,0,108,0,12,0,0,0,0,0,0,0,1,1,0,0,0,0,7,0,0,0,0,6,0,0,0,0,0,7,0,0,0,0,0,0,0,0,0,0,0,0,0,0
912349164,Spain,Alboran Sea,AND50,36.51,-4.64,POINT (-4.64 36.51),2015-06-30T14:00:00Z,2.9,0,0,0,0,0,0,0,12,0,0,0,0,0,0,0,0,0,0,0,0,0,0,0,0,0,0,1,0,0,0,0,0,4,0,0,0,0,0,0,0,0,0,1,0,0,8,0
912349165,Spain,Alboran Sea,AND51,36.58,-4.54,POINT (-4.54 36.58),2015-06-30T14:00:00Z,4.9,0,0,13,0,0,0,0,4,0,0,0,0,0,2,14,0,0,3,0,0,0,2,0,0,0,0,15,0,0,0,0,0,5,0,0,0,0,0,0,0,0,0,4,0,1,0,0
912349166,Spain,Alboran Sea,AND51,36.58,-4.54,POINT (-4.54 36.58),2015-06-30T14:00:00Z,4.6,0,0,20,0,0,0,0,16,0,0,0,1,0,17,27,3,0,0,0,0,0,1,0,0,0,0,0,0,0,3,0,0,6,5,0,0,0,0,0,1,0,0,5,0,1,0,0
912349167,Spain,Alboran Sea,AND52,36.73,-3.77,POINT (-3.77 36.73),2015-07-01T14:00:00Z,13.0,3,0,220,0,0,2850,0,12,0,0,0,0,0,2,12,1,0,0,0,0,0,0,0,0,0,0,4,0,0,0,0,120,12,0,0,0,0,0,0,0,0,0,0,0,0,26,0
912349168,Spain,Alboran Sea,AND53,36.73,-3.77,POINT (-3.77 36.73),2015-07-01T14:00:00Z,8.1,0,0,101,0,0,430,0,45,0,0,0,2,1,2,6,0,0,0,0,0,0,0,0,1,0,0,2,0,0,0,0,11,10,0,0,0,0,0,0,0,0,0,0,0,0,4,1
912349169,Spain,Alboran Sea,AND53,36.73,-3.77,POINT (-3.77 36.73),2015-07-01T14:00:00Z,7.3,0,0,715,0,0,451,0,78,2,0,0,5,0,52,75,0,0,0,0,0,0,0,0,0,0,0,0,0,0,0,0,0,13,1,0,0,0,0,0,1,0,3,0,0,0,57,0
912349170,Spain,Alboran Sea,AND54,36.75,-3.84,POINT (-3.84 36.75),2015-07-01T14:00:00Z,4.1,0,0,64,0,0,42,0,25,2,0,0,1,0,9,19,0,0,1,0,0,0,11,0,0,0,0,6,0,0,0,0,0,4,1,0,0,0,0,0,0,0,0,0,0,1,13,0
912349171,Spain,Alboran Sea,AND55,36.43,-5.12,POINT (-5.12 36.43),2015-07-02T14:00:00Z,7.3,0,0,0,0,0,0,0,72,1,0,0,0,0,37,55,0,0,0,1,0,0,2,0,0,1,4,0,0,0,0,0,0,31,1,0,0,7,0,0,0,0,0,0,0,0,4,0
912349172,Spain,Alboran Sea,AND55,36.43,-5.12,POINT (-5.12 36.43),2015-07-02T14:00:00Z,7.0,0,0,0,0,0,10,0,48,0,0,0,6,0,15,28,0,0,0,0,0,0,0,0,0,0,12,9,0,0,0,0,0,15,1,0,0,0,0,0,1,0,3,3,0,0,0,0
912349174,Spain,Alboran Sea,AND56,36.45,-5.05,POINT (-5.05 36.45),2015-07-03T14:00:00Z,6.9,0,0,0,0,0,0,0,58,0,0,0,0,0,0,0,0,0,1,0,0,0,0,0,0,0,0,1,0,0,0,0,0,20,0,0,0,0,0,0,0,0,0,0,0,0,0,0
912349139,Spain,Alboran Sea,AND38,36.7,-3.41,POINT (-3.41 36.7),2015-06-27T14:00:00Z,9.0,0,0,19,0,0,262,0,29,0,0,0,2,0,6,4,1,0,0,0,0,0,0,0,0,0,0,6,0,0,13,0,0,4,1,0,0,0,0,0,1,0,0,0,0,0,12,0
912349140,Spain,Alboran Sea,AND38,36.7,-3.41,POINT (-3.41 36.7),2015-06-27T14:00:00Z,6.5,6,0,64,0,0,161,0,39,0,0,0,4,0,1,6,0,0,0,0,0,0,5,0,0,0,0,10,0,0,0,0,0,5,0,0,0,0,0,0,3,0,0,0,1,0,23,0
912349182,Spain,Alboran Sea,AND61,35.94,-3.03,POINT (-3.03 35.94),2015-09-01T14:00:00Z,4.2,0,0,6,0,0,3200,0,83,0,0,0,0,0,10,8,1,6,0,0,0,0,0,0,37,0,0,1,0,0,88,0,0,3,3,0,0,0,0,0,2,0,3,13,0,8,395,0
912349183,Spain,Alboran Sea,AND61,35.94,-3.03,POINT (-3.03 35.94),2015-09-01T14:00:00Z,5.0,0,0,7,0,0,3238,0,51,0,0,0,0,0,8,1,1,5,0,0,0,0,0,0,42,0,0,1,0,0,55,0,0,3,6,0,0,0,0,0,0,0,2,3,0,8,351,0
912349163,Spain,Alboran Sea,AND50,36.51,-4.64,POINT (-4.64 36.51),2015-06-30T14:00:00Z,2.5,0,0,0,0,0,0,0,51,0,0,0,0,0,0,1,0,0,0,0,0,0,0,0,0,0,0,0,0,0,0,0,0,4,0,0,0,0,0,0,0,0,0,0,0,0,1,0
912349184,Spain,Alboran Sea,AND62,36.72,-3.36,POINT (-3.36 36.72),2015-08-17T14:00:00Z,8.0,8,0,0,0,0,186,0,44,0,0,21,1,0,15,37,1,3,4,0,0,0,7,0,0,0,0,5,0,0,0,0,0,3,7,0,0,0,0,0,9,0,0,0,0,29,22,0
912349185,Spain,Alboran Sea,AND62,36.72,-3.36,POINT (-3.36 36.72),2015-08-17T14:00:00Z,9.8,9,0,0,0,0,489,0,406,0,0,0,2,0,39,82,1,2,0,0,0,0,10,0,0,0,0,0,0,0,0,0,0,21,0,0,0,0,0,0,10,0,0,0,0,7,0,0
912349186,Spain,Alboran Sea,AND63,36.71,-3.39,POINT (-3.39 36.71),2015-08-18T14:00:00Z,7.0,0,0,0,0,0,132,0,13,0,0,0,0,0,6,59,1,7,8,0,0,0,0,0,0,0,0,0,0,0,0,0,0,0,0,0,0,0,0,0,0,0,0,0,0,0,0,0
912349187,Spain,Alboran Sea,AND63,36.71,-3.39,POINT (-3.39 36.71),2015-08-18T14:00:00Z,5.5,0,0,0,0,0,84,0,16,0,0,0,0,0,13,57,4,1,0,0,0,0,0,0,0,0,0,0,0,0,0,0,0,0,0,0,0,0,0,0,0,0,0,0,0,0,0,0
912349188,Spain,Alboran Sea,AND64,36.99,-1.89,POINT (-1.8900000000000001 36.99),2015-09-13T14:00:00Z,10.5,0,0,2048,0,11,2290,0,39,0,0,0,1,0,3,2,2,0,0,0,1,0,0,0,10,0,0,0,0,0,3,0,0,3,4,0,132,0,0,0,10,0,46,0,0,0,8,0
912349189,Spain,Alboran Sea,AND64,36.99,-1.89,POINT (-1.8900000000000001 36.99),2015-09-13T14:00:00Z,11.5,8,0,580,0,1,398,0,12,0,0,9,0,0,4,2,0,0,0,0,2,0,0,1,0,0,0,0,0,0,0,0,0,3,20,0,100,0,0,1,21,0,23,0,0,5,5,0
912349190,Spain,Alboran Sea,AND65,37.35,-1.65,POINT (-1.65 37.35),2015-09-13T14:00:00Z,9.6,0,0,0,0,0,507,0,26,0,0,10,0,0,0,2,0,1,0,0,0,0,1,0,0,0,0,0,0,0,25,0,0,0,10,0,0,0,0,0,1,0,4,0,0,6,17,0
912349191,Spain,Alboran Sea,AND65,37.35,-1.65,POINT (-1.65 37.35),2015-09-13T14:00:00Z,7.1,0,0,0,0,0,219,0,57,0,0,14,0,0,3,6,0,0,0,0,0,0,3,0,0,0,0,0,0,0,30,0,0,0,5,0,0,0,0,0,56,0,67,0,0,12,12,0
912349192,Spain,Alboran Sea,AND66,37.31,-1.7,POINT (-1.7 37.31),2015-09-13T14:00:00Z,8.5,0,0,2,0,0,163,0,4,0,0,0,0,0,0,2,0,0,0,0,0,0,1,0,0,0,0,0,0,0,0,0,0,0,2,21,4,0,0,0,0,0,1,0,0,0,1,0
912349193,Spain,Alboran Sea,AND66,37.31,-1.7,POINT (-1.7 37.31),2015-09-13T14:00:00Z,9.3,0,0,2,0,0,775,0,8,0,0,1,0,0,0,2,0,0,0,0,0,0,0,0,0,0,0,0,0,0,0,0,0,0,5,320,281,0,0,1,0,0,3,0,2,3,18,0
912349173,Spain,Alboran Sea,AND56,36.45,-5.05,POINT (-5.05 36.45),2015-07-03T14:00:00Z,6.7,0,0,0,0,0,0,0,32,0,0,0,0,0,0,0,0,0,0,0,0,0,0,0,0,0,0,0,0,0,0,0,0,3,0,0,0,0,0,0,0,0,0,0,0,0,0,0
912349175,Spain,Saharan Upwelling,AND57,36.0,-5.61,POINT (-5.61 36),2015-07-04T14:00:00Z,8.6,0,0,330,3,4,188,0,152,8,0,0,0,0,11,39,0,0,0,0,1,0,10,1,0,0,0,0,0,0,21,0,0,10,2,0,0,7,0,0,8,0,0,22,0,16,1,0
912349176,Spain,Saharan Upwelling,AND57,36.0,-5.61,POINT (-5.61 36),2015-07-04T14:00:00Z,8.4,0,0,100,3,3,231,0,17,2,0,0,0,0,10,30,0,0,0,0,0,0,9,0,0,0,0,0,0,0,0,0,0,7,3,0,0,5,0,0,3,0,9,13,0,11,2,0
912349177,Spain,Saharan Upwelling,AND58,36.0,-5.61,POINT (-5.61 36),2015-07-04T14:00:00Z,9.2,0,0,180,5,0,61,0,20,4,0,0,0,0,9,27,0,0,1,0,0,0,8,0,0,0,0,0,0,0,0,0,0,3,6,0,0,0,0,0,12,7,0,16,0,16,3,2
912349141,Spain,Alboran Sea,AND39,36.72,-3.36,POINT (-3.36 36.72),2015-06-27T14:00:00Z,5.2,0,0,1957,0,0,699,0,36,0,0,1,4,0,1,2,3,1,0,0,0,0,8,0,0,1,0,22,0,0,0,0,0,3,0,0,0,0,0,0,0,0,0,0,0,0,14,0
912349142,Spain,Alboran Sea,AND39,36.72,-3.36,POINT (-3.36 36.72),2015-06-27T14:00:00Z,5.1,0,0,1834,0,0,784,0,40,0,0,0,6,0,6,3,3,0,0,0,0,0,0,0,0,0,0,15,0,0,0,0,0,5,0,0,0,0,0,0,0,0,0,0,0,0,52,0
912349143,Spain,Alboran Sea,AND40,36.74,-3.33,POINT (-3.33 36.74),2015-06-28T14:00:00Z,5.0,0,0,19,0,0,804,0,18,0,0,0,0,0,1,1,0,3,0,0,0,0,0,0,3,0,0,2,0,0,0,0,0,4,1,0,0,0,0,0,0,0,8,0,1,6,400,0
912349144,Spain,Alboran Sea,AND40,36.74,-3.33,POINT (-3.33 36.74),2015-06-28T14:00:00Z,5.2,0,0,12,0,0,750,0,27,0,0,0,0,0,5,2,1,2,0,0,0,0,1,0,5,0,0,7,0,0,0,0,0,3,0,0,0,0,0,0,2,0,5,1,0,1,31,0
912349145,Spain,Alboran Sea,AND41,36.74,-3.34,POINT (-3.34 36.74),2015-06-28T14:00:00Z,3.7,0,0,5,0,0,41,0,44,0,0,0,0,0,0,3,0,0,0,0,0,0,3,0,0,0,0,0,0,0,0,0,0,3,0,0,0,0,0,0,0,0,5,1,0,0,6,0
912349146,Spain,Alboran Sea,AND41,36.74,-3.34,POINT (-3.34 36.74),2015-06-28T14:00:00Z,5.0,0,0,2,0,0,99,0,49,0,0,0,0,0,1,1,0,0,0,0,0,0,0,0,0,0,0,0,0,0,0,0,0,7,1,0,0,0,0,0,0,0,3,0,1,1,20,0
912349147,Spain,Alboran Sea,AND42,36.75,-3.18,POINT (-3.18 36.75),2015-06-28T14:00:00Z,3.1,0,0,4,0,0,45,0,108,0,0,0,4,0,54,1,2,2,0,0,0,0,3,0,187,0,0,4,0,0,4,0,0,1,0,0,0,0,0,0,0,0,0,0,0,0,29,0
912349148,Spain,Alboran Sea,AND42,36.75,-3.18,POINT (-3.18 36.75),2015-06-28T14:00:00Z,3.2,0,0,41,0,0,34,0,87,0,0,0,2,0,25,1,1,0,1,0,0,0,11,0,74,0,0,5,0,0,13,0,0,4,0,0,0,0,0,0,0,0,0,0,0,1,5,0
912349149,Spain,Alboran Sea,AND43,36.7,-2.85,POINT (-2.85 36.7),2015-06-28T14:00:00Z,3.3,0,0,0,0,0,0,0,16,0,0,1,0,0,0,6,0,0,0,0,0,0,6,0,0,0,0,0,0,0,0,0,0,1,0,0,0,0,0,0,0,0,0,0,0,1,5,0
912349150,Spain,Alboran Sea,AND43,36.7,-2.85,POINT (-2.85 36.7),2015-06-28T14:00:00Z,3.4,0,0,0,0,0,0,0,17,0,0,0,0,0,0,1,0,0,0,0,0,0,4,0,161,0,0,0,0,0,0,0,0,1,2,0,0,0,0,0,1,0,0,0,1,3,0,0
912349151,Spain,Alboran Sea,AND44,36.74,-3.67,POINT (-3.67 36.74),2015-06-29T14:00:00Z,5.5,0,0,110,0,0,230,0,7,0,0,0,0,0,0,0,0,0,0,0,0,0,2,0,0,0,0,3,0,0,0,0,0,6,0,0,0,0,0,0,0,0,12,26,0,0,5,0
912349152,Spain,Alboran Sea,AND44,36.74,-3.67,POINT (-3.67 36.74),2015-06-29T14:00:00Z,5.8,0,0,0,0,0,225,0,6,1,0,0,0,0,0,0,0,0,0,0,0,0,2,0,0,0,0,10,0,0,0,0,0,3,0,0,0,0,0,0,0,0,16,31,0,2,2,0
912349153,Spain,Alboran Sea,AND45,36.74,-3.76,POINT (-3.76 36.74),2015-06-29T14:00:00Z,4.8,0,0,278,0,0,831,0,21,0,0,0,0,0,5,2,0,0,0,0,0,0,14,0,0,0,0,8,0,0,0,0,0,4,0,0,0,0,0,0,0,0,0,1,0,1,15,0
912349154,Spain,Alboran Sea,AND45,36.74,-3.76,POINT (-3.76 36.74),2015-06-29T14:00:00Z,4.2,0,0,210,0,0,355,0,27,0,0,0,0,0,12,6,3,0,0,0,0,0,0,0,7,0,0,0,0,0,10,0,0,2,0,0,0,0,0,0,0,0,0,0,0,1,59,0
912349178,Spain,Saharan Upwelling,AND58,36.0,-5.61,POINT (-5.61 36),2015-07-04T14:00:00Z,9.0,0,0,0,4,6,113,0,21,7,1,0,0,0,14,17,0,0,0,0,0,0,16,0,0,0,0,0,0,0,0,0,0,7,3,0,0,4,0,0,3,4,3,9,1,18,0,0
912349179,Spain,Alboran Sea,AND59,36.82,-2.54,POINT (-2.54 36.82),2015-07-11T14:00:00Z,6.0,0,0,400,0,0,316,0,7,0,0,10,8,0,2,36,2,6,0,0,0,0,3,0,37,0,0,4,1,0,253,0,0,1,20,3,0,0,0,2,3,0,2,0,0,19,49,4
912349180,Spain,Saharan Upwelling,AND60,36.0,-5.61,POINT (-5.61 36),2015-08-31T14:00:00Z,6.4,0,0,1,1,14,3400,0,149,1,0,0,0,7,10,25,0,0,0,0,0,0,7,1,0,1,0,0,0,0,28,0,0,1,1,0,0,0,0,0,2,0,11,2,0,9,0,0
912349181,Spain,Saharan Upwelling,AND60,36.0,-5.61,POINT (-5.61 36),2015-08-31T14:00:00Z,5.3,0,0,403,8,25,840,0,242,1,0,0,1,2,12,70,0,0,0,0,0,0,4,0,0,0,1,0,0,0,11,0,0,1,1,0,0,0,0,0,7,0,1,0,0,1,0,1
912349206,Spain,Western Mediterranean,BAL1,38.99,1.29,POINT (1.29 38.99),2015-10-09T13:00:00Z,4.3,0,0,0,0,0,530,0,24,0,0,12,0,0,6,10,0,0,0,0,0,0,4,0,9,0,0,0,0,0,0,0,0,0,6,0,0,0,0,0,2,0,18,5,2,65,8,0
912349224,Spain,Western Mediterranean,BAL10,39.29,3.1,POINT (3.1 39.29),2015-10-15T13:00:00Z,9.3,1,0,0,0,0,150,0,40,0,0,1,0,0,15,16,0,0,0,0,0,1,5,0,0,0,0,0,0,0,0,0,0,0,8,0,0,0,0,0,6,0,35,0,0,7,79,0
912349207,Spain,Western Mediterranean,BAL1,38.99,1.29,POINT (1.29 38.99),2015-10-09T13:00:00Z,4.2,0,0,0,0,0,190,0,56,0,0,36,0,0,1,5,0,0,0,0,0,0,2,0,75,0,0,0,0,0,80,0,0,0,14,0,0,0,0,0,7,0,58,1,0,41,0,0
912349225,Spain,Western Mediterranean,BAL10,39.29,3.1,POINT (3.1 39.29),2015-10-15T13:00:00Z,10.3,5,0,0,0,0,495,0,56,0,0,0,0,0,11,21,0,1,0,0,0,0,8,0,0,0,0,0,0,0,30,0,0,0,15,0,0,0,0,0,2,0,19,2,0,9,80,0
912349233,Spain,Western Mediterranean,BAL14,39.16,2.95,POINT (2.95 39.16),2015-10-15T13:00:00Z,6.9,0,0,0,0,0,424,0,40,0,0,0,0,0,1,23,0,2,0,0,0,0,0,0,1,0,0,0,0,0,6,0,0,2,3,0,0,0,0,1,4,0,30,0,1,19,47,0
912349234,Spain,Western Mediterranean,BAL15,39.18,2.96,POINT (2.96 39.18),2015-10-15T13:00:00Z,8.8,2,0,0,0,0,2350,0,37,0,0,0,0,0,0,13,0,0,0,0,0,0,0,0,0,0,0,0,0,0,0,0,75,1,10,1,0,0,0,0,5,0,0,0,0,0,37,0
912349236,Spain,Western Mediterranean,BAL16,39.36,2.85,POINT (2.85 39.36),2015-10-16T13:00:00Z,7.9,0,0,0,0,0,71,0,53,0,0,1,0,5,5,17,0,0,0,0,0,0,4,0,173,0,0,0,0,0,20,0,0,0,6,60,0,1,0,0,0,0,61,1,1,41,20,0
912349237,Spain,Western Mediterranean,BAL16,39.36,2.85,POINT (2.85 39.36),2015-10-16T13:00:00Z,8.3,0,0,0,0,0,438,0,41,0,0,0,0,3,3,14,0,0,0,0,0,0,3,0,81,0,0,0,0,0,7,0,0,0,8,0,0,0,0,0,0,0,13,1,0,44,11,0
912349238,Spain,Western Mediterranean,BAL17,39.45,2.74,POINT (2.74 39.45),2015-10-16T13:00:00Z,6.5,0,0,0,0,0,40,0,36,0,0,6,0,0,1,5,0,0,0,0,0,0,9,0,0,0,0,0,0,0,0,0,1,0,1,10,25,0,0,0,0,0,38,0,1,28,3,0
912349226,Spain,Western Mediterranean,BAL11,39.12,2.95,POINT (2.95 39.12),2015-10-15T13:00:00Z,4.3,1,0,0,0,0,276,0,36,0,0,0,0,0,0,17,0,4,0,0,0,0,3,0,0,0,0,0,0,0,0,0,0,0,3,0,0,0,0,0,5,0,6,0,0,2,42,0
912349227,Spain,Western Mediterranean,BAL11,39.12,2.95,POINT (2.95 39.12),2015-10-15T13:00:00Z,5.0,3,0,0,0,0,268,0,72,0,0,0,0,0,9,35,0,1,0,0,0,0,0,0,0,0,0,0,0,0,14,0,0,0,8,0,0,0,0,0,0,0,15,3,0,18,149,2
912349228,Spain,Western Mediterranean,BAL12,39.13,2.95,POINT (2.95 39.13),2015-10-15T13:00:00Z,8.0,2,0,1016,0,0,5000,0,41,0,0,0,0,0,6,2,0,1,0,0,0,0,0,0,2,0,0,0,0,0,0,0,0,0,5,0,0,0,0,0,0,0,0,0,0,0,87,0
912349229,Spain,Western Mediterranean,BAL12,39.13,2.95,POINT (2.95 39.13),2015-10-15T13:00:00Z,7.3,9,0,1,0,0,3150,0,37,0,0,0,0,0,2,11,0,6,0,0,0,0,0,0,0,0,0,0,0,0,0,1,0,0,11,0,0,0,0,0,2,0,1,1,0,1,392,0
912349230,Spain,Western Mediterranean,BAL13,39.16,2.93,POINT (2.93 39.16),2015-10-15T13:00:00Z,8.4,6,0,0,0,0,212,0,69,0,0,0,0,0,6,6,0,3,8,2,0,0,0,0,6,0,0,0,0,0,0,0,0,1,10,0,0,0,0,0,8,0,4,0,0,5,42,0
912349231,Spain,Western Mediterranean,BAL13,39.16,2.93,POINT (2.93 39.16),2015-10-15T13:00:00Z,9.0,17,0,0,0,0,266,0,62,0,0,0,0,0,3,5,0,3,0,0,0,0,2,0,0,0,0,0,0,0,7,0,0,0,21,0,0,0,0,0,6,0,15,0,0,16,89,0
912349239,Spain,Western Mediterranean,BAL17,39.45,2.74,POINT (2.74 39.45),2015-10-16T13:00:00Z,7.9,0,0,0,0,0,6,0,20,0,0,14,0,0,0,2,0,0,0,0,0,0,3,0,0,0,0,0,0,0,0,0,0,0,5,361,130,1,0,0,0,1,13,0,0,14,0,0
912349240,Spain,Western Mediterranean,BAL18,39.45,2.74,POINT (2.74 39.45),2015-10-16T13:00:00Z,9.5,0,0,180,0,0,171,0,16,0,0,4,0,0,0,5,0,0,0,0,0,0,0,0,0,0,0,0,0,0,0,0,0,0,9,98,0,0,0,0,1,0,6,0,0,8,0,0
912349241,Spain,Western Mediterranean,BAL18,39.45,2.74,POINT (2.74 39.45),2015-10-16T13:00:00Z,9.6,16,0,0,0,0,297,0,12,0,0,2,0,0,4,9,0,0,0,0,0,0,0,0,0,0,0,0,0,0,0,0,0,0,0,7,0,0,0,0,0,0,3,2,1,7,5,0
912349242,Spain,Western Mediterranean,BAL19,39.53,2.58,POINT (2.58 39.53),2015-10-16T13:00:00Z,5.0,0,0,0,0,0,191,0,44,0,0,2,0,0,3,3,0,0,0,0,0,0,0,0,5,0,0,0,0,0,0,0,0,0,4,0,0,0,0,0,2,0,11,7,1,68,12,0
912349243,Spain,Western Mediterranean,BAL19,39.53,2.58,POINT (2.58 39.53),2015-10-16T13:00:00Z,5.8,0,0,0,0,0,270,0,32,0,0,8,0,0,0,2,0,0,0,0,0,0,0,0,0,0,0,0,0,0,0,0,0,0,4,0,0,0,0,0,0,0,13,1,1,58,4,0
912349208,Spain,Western Mediterranean,BAL2,39.11,1.52,POINT (1.52 39.11),2015-10-10T13:00:00Z,4.1,0,17,0,0,0,376,0,45,0,0,5,0,0,3,8,0,0,0,0,0,2,2,0,384,0,0,0,0,0,25,0,0,0,4,0,0,1,0,0,2,0,10,2,2,80,4,0
912349232,Spain,Western Mediterranean,BAL14,39.16,2.95,POINT (2.95 39.16),2015-10-15T13:00:00Z,7.2,11,0,0,0,0,2969,0,16,0,0,5,0,1,15,25,0,5,0,0,1,0,0,0,15,0,0,0,0,0,15,2,1,0,5,0,0,3,0,0,7,0,45,3,1,13,43,0
912349235,Spain,Western Mediterranean,BAL15,39.18,2.96,POINT (2.96 39.18),2015-10-15T13:00:00Z,9.1,0,0,0,0,0,1100,0,19,0,0,0,0,0,0,29,0,1,0,0,0,0,3,0,0,0,0,0,0,0,0,0,0,0,15,0,0,0,0,0,5,0,0,2,0,9,104,0
912349209,Spain,Western Mediterranean,BAL2,39.11,1.52,POINT (1.52 39.11),2015-10-10T13:00:00Z,3.0,0,35,0,0,0,187,0,81,0,0,15,0,0,1,2,0,0,0,0,1,0,4,0,54,0,0,0,0,0,11,0,0,0,5,0,0,0,0,0,0,1,22,3,0,225,4,0
912349244,Spain,Western Mediterranean,BAL20,38.7,1.39,POINT (1.3900000000000001 38.7),2015-10-17T13:00:00Z,3.7,8,0,0,0,0,405,0,55,0,0,15,0,0,0,27,0,0,0,0,0,1,0,0,168,0,0,0,0,0,16,0,1,0,3,0,0,0,0,0,2,0,19,0,2,37,34,2
912349245,Spain,Western Mediterranean,BAL20,38.7,1.39,POINT (1.3900000000000001 38.7),2015-10-17T13:00:00Z,5.5,30,0,0,0,0,175,0,31,0,0,15,0,0,3,31,0,0,6,0,0,0,5,0,50,0,0,0,0,0,21,0,0,0,9,0,0,2,0,0,0,0,17,0,0,38,20,5
912349251,Spain,Western Mediterranean,BAL23,38.84,1.37,POINT (1.37 38.84),2015-10-18T13:00:00Z,5.9,0,0,0,0,0,1105,0,28,0,0,5,0,0,1,2,0,0,0,0,1,1,2,0,32,0,0,0,0,0,0,0,0,0,4,0,23,0,0,0,0,0,44,0,2,9,0,0
912349210,Spain,Western Mediterranean,BAL3,39.08,1.61,POINT (1.6099999999999999 39.08),2015-10-10T13:00:00Z,8.8,3,0,0,0,0,1550,0,46,0,0,0,0,0,0,4,0,0,0,0,1,0,0,0,0,2,0,0,0,0,2,0,0,0,9,0,0,1,0,0,8,0,115,6,1,39,12,0
912349213,Spain,Western Mediterranean,BAL4,39.0,1.59,POINT (1.5899999999999999 39),2015-10-10T13:00:00Z,6.0,0,0,0,0,0,460,0,92,0,0,22,0,1,2,17,1,0,0,0,1,0,0,0,5,0,0,0,0,0,3,0,0,0,8,0,0,2,0,0,2,0,2,4,1,41,49,0
912349214,Spain,Western Mediterranean,BAL5,39.54,2.37,POINT (2.37 39.54),2015-10-11T13:00:00Z,4.2,0,0,0,0,0,264,0,54,0,0,7,0,0,2,12,0,0,0,0,0,0,0,0,123,0,0,0,0,0,0,0,0,0,2,0,0,0,0,0,2,0,75,8,2,36,6,0
912349215,Spain,Western Mediterranean,BAL5,39.54,2.37,POINT (2.37 39.54),2015-10-11T13:00:00Z,4.7,0,0,0,0,0,449,0,62,0,0,4,0,0,0,6,0,0,0,0,0,0,0,1,1,0,0,0,0,0,0,0,0,0,9,0,0,0,0,0,1,0,330,14,4,35,5,0
912349216,Spain,Western Mediterranean,BAL6,39.66,2.47,POINT (2.4699999999999998 39.66),2015-10-11T13:00:00Z,7.4,0,0,0,0,0,455,0,26,0,0,9,0,1,0,14,0,0,0,0,0,2,1,0,10,0,0,0,0,0,34,0,0,0,1,9,0,10,0,0,1,1,1,1,0,6,2,0
912349218,Spain,Western Mediterranean,BAL7,39.95,3.18,POINT (3.18 39.95),2015-10-12T13:00:00Z,11.5,1,0,300,0,0,1255,0,59,0,0,0,0,1,1,18,0,0,0,0,0,0,1,0,0,0,0,0,0,0,9,0,0,4,4,4,0,2,0,0,2,0,27,7,1,5,4,0
912349219,Spain,Western Mediterranean,BAL7,39.95,3.18,POINT (3.18 39.95),2015-10-12T13:00:00Z,9.8,2,0,4,0,0,295,0,27,0,0,0,0,1,1,35,0,0,0,0,0,1,5,0,12,0,0,0,0,0,19,0,0,9,4,240,0,6,0,0,1,3,39,2,0,34,9,0
912349217,Spain,Western Mediterranean,BAL6,39.66,2.47,POINT (2.4699999999999998 39.66),2015-10-11T13:00:00Z,7.9,0,0,3,0,0,1475,0,22,0,0,9,0,0,0,2,0,0,0,0,0,0,0,0,0,0,0,0,0,0,5,0,0,0,4,398,0,0,0,0,0,0,16,0,0,2,2,0
912349220,Spain,Western Mediterranean,BAL8,39.71,3.47,POINT (3.4699999999999998 39.71),2015-10-14T13:00:00Z,6.7,0,0,0,0,0,141,0,8,0,0,3,0,0,2,0,0,0,0,0,0,0,0,0,29,0,0,0,0,0,12,0,0,1,1,0,0,0,0,0,0,0,46,0,1,6,0,0
912349221,Spain,Western Mediterranean,BAL8,39.71,3.47,POINT (3.4699999999999998 39.71),2015-10-14T13:00:00Z,8.0,0,0,230,0,0,680,0,3,0,0,42,0,0,0,0,0,0,0,0,0,0,0,0,0,0,0,0,0,0,64,0,3,1,3,40,140,0,0,0,0,0,23,0,0,0,1,0
912349222,Spain,Western Mediterranean,BAL9,39.42,3.27,POINT (3.27 39.42),2015-10-14T13:00:00Z,2.6,0,0,0,0,3,28,0,31,0,0,15,0,0,12,24,0,0,0,0,0,0,0,0,0,0,0,0,0,0,0,0,0,0,7,0,0,0,0,0,0,0,14,4,1,25,22,0
912349223,Spain,Western Mediterranean,BAL9,39.42,3.27,POINT (3.27 39.42),2015-10-14T13:00:00Z,2.0,0,0,0,0,0,38,0,32,0,0,8,0,0,10,14,0,0,0,0,0,0,5,0,0,0,0,0,0,0,0,0,0,0,5,0,0,0,0,0,3,0,28,4,0,15,31,0
912349247,Spain,Western Mediterranean,BAL21,38.8,1.48,POINT (1.48 38.8),2015-10-17T13:00:00Z,5.0,0,0,0,0,0,470,0,12,0,0,22,0,1,3,10,0,0,0,0,3,6,2,0,196,0,0,0,0,0,41,0,0,0,13,0,0,0,0,0,6,0,16,4,2,38,3,4
912349248,Spain,Western Mediterranean,BAL22,38.8,1.48,POINT (1.48 38.8),2015-10-17T13:00:00Z,5.8,0,0,0,0,0,612,0,25,0,0,3,0,3,1,11,0,0,0,0,1,0,0,0,602,0,0,0,0,0,2,0,0,0,9,0,0,0,0,0,3,1,141,4,9,37,68,0
912349249,Spain,Western Mediterranean,BAL22,38.8,1.48,POINT (1.48 38.8),2015-10-17T13:00:00Z,5.4,0,0,0,0,0,1389,0,41,0,0,3,0,0,0,4,0,0,0,0,4,0,1,0,15,0,0,0,0,0,100,0,0,0,13,0,0,0,0,0,1,5,133,9,4,23,59,0
912349250,Spain,Western Mediterranean,BAL23,38.84,1.37,POINT (1.37 38.84),2015-10-18T13:00:00Z,4.6,0,0,0,0,0,600,0,22,0,0,7,0,4,2,9,0,0,0,0,1,0,0,0,219,0,0,0,0,0,19,0,0,0,11,0,0,0,0,0,1,0,47,4,2,22,0,0
912349211,Spain,Western Mediterranean,BAL3,39.08,1.61,POINT (1.6099999999999999 39.08),2015-10-10T13:00:00Z,7.9,0,0,0,0,0,2100,0,64,0,0,0,0,0,0,13,0,0,0,0,2,0,0,1,0,0,0,0,0,0,26,0,0,0,14,0,0,0,3,0,7,0,25,13,1,42,31,0
912349212,Spain,Western Mediterranean,BAL4,39.0,1.59,POINT (1.5899999999999999 39),2015-10-10T13:00:00Z,9.6,0,0,0,0,0,1170,0,44,0,0,5,0,2,0,16,0,0,0,0,1,0,0,0,27,0,0,0,0,0,5,0,0,0,12,0,0,4,0,0,0,1,4,1,2,36,28,0
912349246,Spain,Western Mediterranean,BAL21,38.8,1.48,POINT (1.48 38.8),2015-10-17T13:00:00Z,4.8,3,0,0,0,0,360,0,6,0,0,22,0,0,0,7,0,1,0,0,7,3,0,0,163,0,0,0,0,0,0,0,0,0,15,0,0,0,0,0,4,0,0,6,3,20,8,0
912349334,Spain,Western Mediterranean,CAT13,42.37,3.17,POINT (3.17 42.37),2015-07-20T14:00:00Z,6.7,0,0,0,0,0,260,0,45,0,0,0,0,0,0,3,0,0,0,10,0,0,0,0,0,0,0,0,0,0,0,0,0,9,0,0,0,0,0,0,1,0,1,0,0,2,0,0
912349335,Spain,Western Mediterranean,CAT14,42.37,3.17,POINT (3.17 42.37),2015-07-20T14:00:00Z,12.0,0,0,0,0,0,530,0,54,0,0,0,0,0,1,3,0,0,0,1,0,0,1,0,0,0,0,0,1,0,0,0,0,12,1,0,0,0,0,0,10,0,14,0,0,3,0,0
912349336,Spain,Western Mediterranean,CAT14,42.37,3.17,POINT (3.17 42.37),2015-07-20T14:00:00Z,12.2,0,0,0,0,0,260,0,34,0,0,0,0,0,0,16,0,0,0,1,0,0,3,0,0,0,0,0,0,0,0,0,0,22,0,130,0,0,0,0,8,0,2,1,0,14,0,1
912349337,Spain,Western Mediterranean,CAT15,42.35,3.19,POINT (3.19 42.35),2015-07-20T14:00:00Z,5.0,0,0,0,0,0,561,0,61,0,0,0,0,0,0,14,0,0,0,0,0,0,0,0,6,0,0,0,0,0,40,0,0,11,0,0,0,2,0,0,6,3,0,0,0,16,1,1
912349338,Spain,Western Mediterranean,CAT15,42.35,3.19,POINT (3.19 42.35),2015-07-20T14:00:00Z,5.1,0,0,0,0,0,300,0,65,0,0,0,0,0,0,28,0,0,0,0,0,0,3,0,0,0,0,0,0,0,0,0,0,13,1,12,0,6,0,0,6,7,0,0,0,31,0,0
912349339,Spain,Western Mediterranean,CAT16,42.35,3.19,POINT (3.19 42.35),2015-07-20T14:00:00Z,6.8,0,0,30,0,0,141,0,46,0,0,1,0,0,2,4,0,0,0,0,0,0,2,0,0,0,0,0,0,0,0,0,0,2,1,0,0,4,0,0,2,1,6,1,1,7,0,1
912349340,Spain,Western Mediterranean,CAT16,42.35,3.19,POINT (3.19 42.35),2015-07-20T14:00:00Z,6.6,0,0,0,0,0,104,0,40,0,0,2,0,0,0,2,0,0,0,0,0,0,0,0,0,0,0,0,0,0,0,0,0,5,1,0,0,0,0,0,3,1,6,2,0,6,0,0
912349341,Spain,Western Mediterranean,CAT17,42.31,3.29,POINT (3.29 42.31),2015-07-21T14:00:00Z,6.1,0,0,3,0,0,95,0,71,0,0,0,0,0,1,13,0,0,0,0,0,0,5,0,0,0,0,0,0,0,0,0,0,14,0,0,0,0,0,0,0,0,0,0,0,3,5,0
912349342,Spain,Western Mediterranean,CAT17,42.31,3.29,POINT (3.29 42.31),2015-07-21T14:00:00Z,6.9,0,0,0,0,0,8,0,0,0,0,0,0,0,0,0,0,0,0,0,0,0,95,0,0,0,0,0,0,0,0,0,0,9,0,0,0,0,0,0,0,0,0,0,0,8,0,0
912349343,Spain,Western Mediterranean,CAT18,42.31,3.31,POINT (3.31 42.31),2015-07-21T14:00:00Z,6.8,0,0,0,0,0,211,0,76,0,0,0,0,0,0,11,0,0,0,0,0,0,3,0,0,0,0,2,0,0,0,0,0,1,0,0,0,0,0,0,0,0,0,0,0,0,1,0
912349344,Spain,Western Mediterranean,CAT18,42.31,3.31,POINT (3.31 42.31),2015-07-21T14:00:00Z,6.0,4,0,0,0,0,1275,0,110,0,0,0,0,0,0,11,0,0,0,0,0,0,0,0,0,0,0,0,0,0,4,0,0,7,0,0,0,1,0,0,3,4,0,0,0,26,12,0
912349345,Spain,Western Mediterranean,CAT19,42.33,3.25,POINT (3.25 42.33),2015-07-21T14:00:00Z,5.6,0,0,0,0,0,37,0,42,0,0,2,0,0,2,4,0,0,0,0,0,0,0,0,0,0,0,0,0,0,47,0,0,4,0,1,0,3,0,0,0,1,0,0,0,3,0,0
912349346,Spain,Western Mediterranean,CAT19,42.33,3.25,POINT (3.25 42.33),2015-07-21T14:00:00Z,4.8,0,0,0,0,0,28,0,26,0,0,0,0,0,5,8,0,0,0,0,0,0,1,0,0,0,0,0,0,0,0,0,0,2,0,0,0,2,0,0,0,1,1,0,0,2,0,0
912345273,Spain,Western Mediterranean,CAT2,41.72,2.94,POINT (2.94 41.72),2015-06-03T14:00:00Z,9.0,20,0,0,0,0,1125,0,58,0,0,0,0,0,0,0,0,0,0,0,0,0,0,2,0,0,0,0,2,0,1,0,0,11,1,0,0,0,0,0,1,1,0,0,0,2,11,11
912345286,Spain,Western Mediterranean,CAT2,41.72,2.94,POINT (2.94 41.72),2015-06-03T14:00:00Z,5.2,0,0,0,0,0,1586,0,25,0,0,1,0,0,0,2,0,0,0,0,0,0,1,0,0,0,0,0,0,0,1,0,0,4,0,0,0,0,0,0,0,0,0,0,0,1,1,3
912349347,Spain,Western Mediterranean,CAT20,42.34,3.24,POINT (3.24 42.34),2015-07-21T14:00:00Z,11.3,0,0,0,0,0,1550,0,41,0,0,2,0,0,1,16,0,0,0,0,0,0,17,0,4,0,0,0,0,0,2,0,0,5,0,33,0,1,0,0,1,0,10,1,0,3,0,0
912349348,Spain,Western Mediterranean,CAT20,42.34,3.24,POINT (3.24 42.34),2015-07-21T14:00:00Z,1.0,0,0,0,0,0,380,0,47,0,0,0,0,0,15,25,0,0,0,0,0,0,15,0,5,0,0,0,0,0,3,0,0,2,2,140,0,3,0,0,0,0,0,0,0,6,0,0
912349349,Spain,Western Mediterranean,CAT21,42.35,3.21,POINT (3.21 42.35),2015-07-21T14:00:00Z,7.7,0,0,0,0,0,126,0,42,0,0,1,0,0,0,4,0,0,0,0,0,0,21,0,0,0,0,0,0,0,0,0,0,3,0,12,0,0,1,0,3,2,3,0,0,9,0,0
912349350,Spain,Western Mediterranean,CAT21,42.35,3.21,POINT (3.21 42.35),2015-07-21T14:00:00Z,7.8,0,0,0,0,0,58,0,56,0,0,3,0,0,0,1,0,0,0,0,0,0,4,0,0,0,0,1,0,0,0,0,0,2,0,0,0,0,0,0,0,3,0,0,0,10,0,0
912349351,Spain,Western Mediterranean,CAT22,42.35,3.21,POINT (3.21 42.35),2015-07-21T14:00:00Z,7.7,0,0,0,0,4,135,0,74,0,0,0,0,0,0,18,0,0,0,0,1,0,22,0,7,0,0,0,0,0,0,0,0,17,0,18,0,8,0,0,9,3,1,0,1,12,0,0
912349321,Spain,Western Mediterranean,CAT3,41.72,2.94,POINT (2.94 41.72),2015-05-03T14:00:00Z,6.4,0,0,0,0,0,1942,0,22,0,0,0,0,1,1,2,0,0,0,0,0,0,0,0,0,0,0,0,0,0,0,0,0,10,1,0,0,0,0,0,1,0,1,0,0,2,22,2
912349367,Spain,Western Mediterranean,CAT30,42.04,3.23,POINT (3.23 42.04),2015-07-24T14:00:00Z,8.9,0,0,61,0,0,490,0,161,0,0,0,1,0,4,9,0,1,0,0,2,0,0,0,1,0,0,0,0,0,0,0,0,3,0,1538,0,0,2,0,1,3,17,2,2,12,0,0
912349368,Spain,Western Mediterranean,CAT30,42.04,3.23,POINT (3.23 42.04),2015-07-24T14:00:00Z,7.9,0,0,750,0,4,1620,1,265,0,0,0,1,1,12,28,0,2,0,0,2,0,0,0,0,0,0,0,0,0,0,0,0,6,4,600,0,3,0,0,7,4,7,6,3,20,14,0
912349369,Spain,Western Mediterranean,CAT31,42.09,3.19,POINT (3.19 42.09),2015-07-25T14:00:00Z,1.0,0,0,300,0,0,517,0,123,3,0,0,0,0,0,14,0,0,0,0,1,0,13,0,0,0,0,2,0,0,5,0,0,23,2,0,0,1,0,0,12,5,23,4,0,8,0,0
912349370,Spain,Western Mediterranean,CAT32,42.06,3.21,POINT (3.21 42.06),2015-07-25T14:00:00Z,1.0,0,0,170,0,0,960,0,71,6,0,0,0,0,1,11,0,0,0,0,1,1,4,0,0,0,0,0,1,0,14,0,0,11,2,0,0,2,0,0,4,5,15,7,0,6,0,0
912349371,Spain,Western Mediterranean,CAT33,42.05,3.22,POINT (3.22 42.05),2015-07-25T14:00:00Z,10.4,0,0,0,0,1,188,0,49,0,0,0,0,0,3,70,0,0,0,0,0,0,3,0,0,0,0,0,0,0,0,0,0,4,0,0,0,1,0,1,1,6,2,0,2,11,0,0
912349372,Spain,Western Mediterranean,CAT33,42.05,3.22,POINT (3.22 42.05),2015-07-25T14:00:00Z,8.9,0,0,0,0,5,1420,1,80,0,0,0,0,0,16,4,0,0,0,0,0,0,1,0,0,0,0,0,0,0,0,0,0,5,2,100,0,0,0,0,3,3,11,3,4,6,0,0
912349373,Spain,Western Mediterranean,CAT34,42.05,3.23,POINT (3.23 42.05),2015-07-25T14:00:00Z,10.4,0,0,0,0,0,1095,0,56,0,0,0,1,2,22,0,0,2,0,0,1,0,0,0,10,0,0,0,0,0,0,8,0,5,0,0,0,0,0,0,0,0,0,0,0,0,3,0
912349374,Spain,Western Mediterranean,CAT34,42.05,3.23,POINT (3.23 42.05),2015-07-25T14:00:00Z,9.3,4,0,0,0,1,50,0,14,0,0,0,1,0,0,3,0,0,0,0,1,0,0,1,0,0,0,0,0,0,0,0,0,4,0,0,0,0,0,0,0,0,0,0,0,0,1,0
912349375,Spain,Western Mediterranean,CAT35,42.04,3.23,POINT (3.23 42.04),2015-07-25T14:00:00Z,10.4,16,0,0,0,0,1141,2,89,0,0,0,0,1,13,2,0,0,0,2,2,0,2,0,0,0,0,1,0,0,24,0,0,9,0,0,0,0,0,0,2,0,0,0,0,0,2,0
912349376,Spain,Western Mediterranean,CAT35,42.04,3.23,POINT (3.23 42.04),2015-07-25T14:00:00Z,8.4,0,0,0,0,0,170,5,140,0,0,0,0,0,3,0,0,0,0,0,0,0,0,0,0,0,0,0,0,0,30,0,0,11,0,0,0,0,0,0,2,0,3,0,0,0,0,0
912349377,Spain,Western Mediterranean,CAT36,41.68,2.81,POINT (2.81 41.68),2015-07-26T14:00:00Z,6.1,0,0,0,0,0,48,0,30,0,0,0,0,0,14,17,0,0,0,0,0,0,33,0,2,0,0,0,0,0,37,0,0,7,1,0,0,0,0,0,0,0,0,0,0,17,2,0
912349378,Spain,Western Mediterranean,CAT36,41.68,2.81,POINT (2.81 41.68),2015-07-26T14:00:00Z,10.3,24,0,0,0,0,340,0,47,0,0,0,0,0,1,51,0,1,0,0,0,0,17,1,30,0,0,0,0,0,73,0,0,10,6,0,0,1,0,0,2,0,14,2,1,37,8,0
912349379,Spain,Western Mediterranean,CAT37,41.68,2.81,POINT (2.81 41.68),2015-08-16T14:00:00Z,1.0,4,0,0,0,0,435,0,85,0,0,0,0,0,2,28,0,0,0,0,0,0,13,0,0,0,0,0,2,0,0,0,0,6,4,0,0,0,0,0,3,0,10,0,0,3,10,0
912349380,Spain,Western Mediterranean,CAT37,41.68,2.81,POINT (2.81 41.68),2015-08-16T14:00:00Z,7.7,0,0,0,0,0,330,0,74,0,1,0,0,1,3,17,0,0,2,0,0,0,3,0,0,0,0,1,0,0,0,0,0,4,2,0,0,0,0,0,2,1,1,0,0,15,5,1
912349381,Spain,Western Mediterranean,CAT38,41.67,2.8,POINT (2.8 41.67),2015-08-16T14:00:00Z,1.0,0,0,0,0,0,240,0,76,0,0,0,0,0,3,44,0,0,0,0,0,0,39,0,0,0,1,0,0,0,0,0,0,7,2,0,0,0,0,0,1,0,15,0,4,7,4,0
912349382,Spain,Western Mediterranean,CAT38,41.67,2.8,POINT (2.8 41.67),2015-08-16T14:00:00Z,7.0,0,0,0,0,0,370,0,79,0,0,0,0,0,0,26,0,0,4,0,0,0,17,0,0,0,0,1,0,0,0,0,0,4,5,0,0,0,0,0,1,1,13,0,0,10,8,1
912349393,Spain,Western Mediterranean,CAT44,41.69,2.84,POINT (2.84 41.69),2015-11-19T13:00:00Z,8.3,0,0,0,0,0,200,0,67,0,0,0,0,1,15,20,0,0,0,0,1,0,6,0,0,0,0,1,0,0,0,0,0,7,1,0,0,0,0,0,1,0,1,0,0,4,29,0
912349394,Spain,Western Mediterranean,CAT44,41.69,2.84,POINT (2.84 41.69),2015-11-19T13:00:00Z,6.8,0,0,0,0,0,499,0,64,0,0,0,0,0,15,27,0,0,0,0,0,0,2,0,0,0,0,0,0,0,60,0,0,6,5,0,0,0,0,0,1,0,0,1,1,7,11,0
912349326,Spain,Western Mediterranean,CAT45,41.68,2.81,POINT (2.81 41.68),2015-06-06T14:00:00Z,6.2,0,0,0,0,0,1234,0,50,0,0,0,0,0,0,14,0,0,0,0,0,0,2,0,0,0,0,0,0,0,0,0,0,8,0,0,0,0,0,0,1,0,1,0,0,8,0,2
912345277,Spain,Western Mediterranean,CAT5,41.68,2.82,POINT (2.82 41.68),2015-06-04T14:00:00Z,5.0,0,0,0,0,0,161,0,38,0,0,0,0,0,14,20,0,0,0,0,0,0,1,1,7,0,0,0,0,0,2,0,0,3,1,0,0,0,0,0,0,1,1,0,0,4,5,3
912345289,Spain,Western Mediterranean,CAT5,41.68,2.82,POINT (2.82 41.68),2015-06-04T14:00:00Z,7.0,3,0,0,0,0,315,0,44,1,0,0,0,0,0,19,0,0,0,0,0,0,1,0,0,0,0,0,0,0,0,0,0,4,3,0,0,0,0,0,1,0,8,1,0,14,4,0
912349323,Spain,Western Mediterranean,CAT5,41.68,2.82,POINT (2.82 41.68),2015-05-04T14:00:00Z,10.0,3,0,0,0,0,315,0,44,1,0,0,0,0,0,19,0,0,0,0,0,0,1,0,0,0,0,0,0,0,0,0,0,4,3,0,0,0,0,0,1,0,8,1,0,14,4,0
912345278,Spain,Western Mediterranean,CAT6,41.77,3.03,POINT (3.03 41.77),2015-06-05T14:00:00Z,5.0,0,0,0,0,0,33,1,19,0,0,0,0,0,6,3,0,0,0,0,0,0,0,0,0,0,0,3,0,0,0,0,0,4,0,0,0,0,1,0,0,0,0,0,0,6,14,2
912345290,Spain,Western Mediterranean,CAT6,41.77,3.03,POINT (3.03 41.77),2015-06-05T14:00:00Z,8.1,0,0,0,0,0,565,0,42,0,0,0,0,0,1,6,0,0,0,0,1,0,0,0,0,0,0,0,0,0,0,0,0,5,0,0,0,0,0,0,2,0,0,0,0,10,1,0
912349324,Spain,Western Mediterranean,CAT6,41.77,3.03,POINT (3.03 41.77),2015-05-05T14:00:00Z,8.1,0,0,0,0,0,565,0,42,0,0,0,0,0,1,6,0,0,0,0,1,0,0,0,0,0,0,0,0,0,0,0,0,5,0,0,0,0,0,0,2,0,0,0,0,10,1,0
912345279,Spain,Western Mediterranean,CAT7,41.77,3.03,POINT (3.03 41.77),2015-06-05T14:00:00Z,6.5,0,0,0,0,0,2,0,18,0,0,0,0,0,0,2,0,0,1,0,0,0,0,0,0,2,0,2,0,0,1,0,0,3,0,0,0,0,0,0,0,0,0,0,0,0,2,1
912345291,Spain,Western Mediterranean,CAT7,41.77,3.03,POINT (3.03 41.77),2015-06-05T14:00:00Z,6.1,0,0,0,0,0,780,0,21,0,0,1,0,0,0,8,0,0,0,0,0,0,0,0,0,0,0,1,0,0,49,0,0,0,0,2,0,0,0,0,0,0,0,1,0,9,2,0
912349325,Spain,Western Mediterranean,CAT7,41.77,3.03,POINT (3.03 41.77),2015-05-05T14:00:00Z,6.1,0,0,0,0,0,780,0,21,0,0,1,0,0,0,8,0,0,0,0,0,0,0,0,0,0,0,1,0,0,49,0,0,0,0,2,0,0,0,0,0,0,0,1,0,9,2,0
912345280,Spain,Western Mediterranean,CAT8,41.71,2.91,POINT (2.91 41.71),2015-06-06T14:00:00Z,18.0,0,0,0,0,0,150,0,32,0,0,0,0,0,3,11,0,0,0,0,0,0,0,0,0,0,0,0,0,0,0,0,0,10,2,0,0,0,0,0,1,0,0,0,1,4,0,1
912345282,Spain,Western Mediterranean,CAT8,41.71,2.91,POINT (2.91 41.71),2015-06-06T14:00:00Z,15.0,0,0,450,0,0,135,0,127,0,0,0,0,1,8,16,0,0,0,0,0,0,11,0,2,0,3,0,0,0,3,0,0,27,0,50,0,0,0,0,0,0,2,0,0,2,0,0
912345281,Spain,Western Mediterranean,CAT9,41.7,2.89,POINT (2.89 41.7),2015-06-06T14:00:00Z,6.0,0,0,0,0,0,244,0,72,0,0,0,0,0,6,5,0,0,2,0,0,0,7,0,1,1,0,0,0,0,0,0,0,11,1,0,0,0,0,0,1,0,0,1,1,9,0,1
912345283,Spain,Western Mediterranean,CAT9,41.7,2.89,POINT (2.89 41.7),2015-06-06T14:00:00Z,8.0,0,0,0,0,0,1234,0,50,0,0,0,0,0,0,14,0,0,0,0,0,0,2,0,0,0,0,0,0,0,0,0,0,8,0,0,0,0,0,0,1,0,1,0,0,8,0,2
912345284,Spain,Western Mediterranean,CAT9,41.7,2.89,POINT (2.89 41.7),2015-06-06T14:00:00Z,9.4,0,0,0,0,0,162,0,55,0,0,3,0,0,0,13,0,0,0,0,2,0,4,0,0,0,0,0,0,0,10,0,0,5,2,0,0,0,0,0,3,0,0,0,1,15,3,0
912345275,Spain,Western Mediterranean,CAT1,41.67,2.8,POINT (2.8 41.67),2015-06-02T14:00:00Z,8.0,0,0,0,0,0,172,0,59,0,0,0,0,0,0,4,0,0,0,0,1,0,8,0,0,0,0,2,0,0,0,0,0,12,0,0,0,0,0,0,1,0,1,0,0,3,0,1
912349320,Spain,Western Mediterranean,CAT1,41.67,2.8,POINT (2.8 41.67),2015-05-02T14:00:00Z,10.0,0,0,0,0,0,361,0,63,0,0,0,0,0,0,1,0,0,0,0,0,0,0,0,0,0,0,0,0,0,0,0,0,5,0,0,0,0,0,0,0,0,0,0,0,0,0,0
912349327,Spain,Western Mediterranean,CAT10,41.69,2.84,POINT (2.84 41.69),2015-07-19T14:00:00Z,10.2,6,0,0,0,0,500,0,38,0,0,0,0,0,4,91,0,0,0,0,0,0,52,1,0,0,0,0,0,0,0,0,0,7,2,0,0,42,0,0,4,2,18,0,0,22,0,0
912349328,Spain,Western Mediterranean,CAT10,41.69,2.84,POINT (2.84 41.69),2015-07-19T14:00:00Z,10.3,35,0,0,0,0,860,0,27,0,0,0,0,0,4,20,0,0,0,0,1,0,21,0,17,0,0,0,0,0,10,0,0,7,2,0,0,4,0,1,2,1,11,1,0,3,4,0
912349329,Spain,Western Mediterranean,CAT11,42.43,3.17,POINT (3.17 42.43),2015-07-20T14:00:00Z,8.0,0,0,0,0,0,395,0,72,0,0,0,0,0,0,7,0,0,0,30,0,1,1,0,0,0,0,0,0,0,0,0,0,3,0,0,0,0,0,0,2,0,18,0,0,0,0,0
912349330,Spain,Western Mediterranean,CAT11,42.43,3.17,POINT (3.17 42.43),2015-07-20T14:00:00Z,9.1,0,0,76,0,0,2838,0,24,2,0,1,0,0,3,15,0,0,0,40,0,1,2,0,0,0,0,0,1,0,2,0,0,2,0,0,0,0,0,0,5,0,22,0,2,10,0,0
912349331,Spain,Western Mediterranean,CAT12,42.42,3.17,POINT (3.17 42.42),2015-07-20T14:00:00Z,11.5,0,0,0,0,0,209,0,18,0,0,0,0,0,0,19,0,0,0,0,0,0,34,0,0,0,0,0,0,0,22,0,0,11,0,0,0,3,0,0,3,0,9,0,0,13,0,0
912349332,Spain,Western Mediterranean,CAT12,42.42,3.17,POINT (3.17 42.42),2015-07-20T14:00:00Z,9.0,0,0,5,0,0,730,0,50,0,0,0,0,0,2,48,0,0,0,0,0,1,51,0,6,0,0,0,0,0,33,0,0,8,2,0,0,4,0,0,0,0,0,2,0,35,0,0
912349333,Spain,Western Mediterranean,CAT13,42.37,3.17,POINT (3.17 42.37),2015-07-20T14:00:00Z,6.6,0,0,0,0,0,141,0,27,0,0,0,0,0,0,15,0,0,0,0,0,0,0,0,0,0,0,0,0,0,150,0,0,13,0,0,0,0,0,0,4,0,8,1,0,3,0,0
912349352,Spain,Western Mediterranean,CAT22,42.35,3.21,POINT (3.21 42.35),2015-07-21T14:00:00Z,8.4,0,0,44,0,0,140,0,34,0,0,2,0,0,2,8,0,0,0,0,0,0,6,0,0,0,0,0,0,0,42,0,0,5,1,70,0,1,1,0,8,2,2,0,0,6,0,0
912349353,Spain,Western Mediterranean,CAT23,42.28,3.3,POINT (3.3 42.28),2015-07-22T14:00:00Z,11.6,1,0,0,0,0,520,0,59,0,0,0,0,0,5,6,0,0,0,0,0,0,19,0,0,0,0,0,0,0,0,0,0,11,0,0,0,0,0,0,3,0,0,0,0,8,4,0
912349354,Spain,Western Mediterranean,CAT23,42.28,3.3,POINT (3.3 42.28),2015-07-22T14:00:00Z,6.8,0,0,0,0,0,72,1,122,0,0,0,0,1,11,40,0,0,0,0,0,0,3,0,0,0,0,2,0,0,34,0,0,9,0,1,0,0,0,0,0,0,0,0,0,3,0,0
912349355,Spain,Western Mediterranean,CAT24,42.25,3.27,POINT (3.27 42.25),2015-07-23T14:00:00Z,12.0,5,0,30,0,0,278,0,36,0,0,0,0,0,7,32,0,0,0,0,0,0,12,0,8,0,0,0,0,0,26,0,0,4,1,0,0,3,0,0,0,0,0,0,1,7,1,0
912349356,Spain,Western Mediterranean,CAT24,42.25,3.27,POINT (3.27 42.25),2015-07-23T14:00:00Z,9.1,0,0,0,0,0,124,0,100,0,0,0,0,0,0,9,0,0,3,2,0,0,7,0,0,0,0,0,0,0,2,0,0,11,1,0,0,0,0,0,2,0,0,0,0,0,2,0
912349357,Spain,Western Mediterranean,CAT25,42.25,3.28,POINT (3.2800000000000002 42.25),2015-07-23T14:00:00Z,11.0,0,0,0,0,0,650,0,77,0,0,0,0,0,27,57,0,0,0,0,0,0,12,0,1,0,0,0,0,0,26,0,0,0,0,0,0,12,0,0,0,0,0,0,0,1,0,0
912349358,Spain,Western Mediterranean,CAT25,42.25,3.28,POINT (3.2800000000000002 42.25),2015-07-23T14:00:00Z,9.6,2,0,0,0,0,800,0,140,0,0,0,0,0,3,29,0,0,0,0,0,0,5,0,0,0,0,0,0,0,12,0,0,7,1,0,0,1,0,0,2,0,0,0,0,8,0,0
912349359,Spain,Western Mediterranean,CAT26,42.24,3.23,POINT (3.23 42.24),2015-07-23T14:00:00Z,7.8,8,0,0,0,0,1261,0,37,0,0,1,0,0,3,13,0,0,0,0,0,0,5,0,3,0,0,0,0,0,51,0,0,5,0,0,0,0,0,0,0,3,22,0,0,6,0,0
912349360,Spain,Western Mediterranean,CAT26,42.24,3.23,POINT (3.23 42.24),2015-07-23T14:00:00Z,9.5,20,0,0,0,0,280,0,74,0,0,1,0,0,7,15,0,0,0,0,1,1,1,0,9,0,0,0,0,0,71,0,0,6,8,0,0,0,1,0,6,2,6,0,1,13,0,0
912349361,Spain,Western Mediterranean,CAT27,42.23,3.22,POINT (3.22 42.23),2015-07-23T14:00:00Z,7.2,0,0,0,0,0,52,0,50,0,0,0,0,0,3,6,0,0,0,0,0,0,0,1,0,0,0,0,0,0,0,0,0,7,1,0,0,1,0,0,1,2,3,1,0,14,0,0
912349362,Spain,Western Mediterranean,CAT27,42.23,3.22,POINT (3.22 42.23),2015-07-23T14:00:00Z,1.0,0,0,850,0,0,357,0,91,1,0,4,0,0,2,7,0,0,0,0,2,0,0,0,0,0,0,0,0,0,0,0,0,9,2,4,0,1,0,0,1,0,4,3,1,6,1,0
912349363,Spain,Western Mediterranean,CAT28,42.24,3.19,POINT (3.19 42.24),2015-07-23T14:00:00Z,8.9,0,0,740,0,2,121,0,82,0,0,0,0,0,1,5,0,0,0,0,0,0,3,0,0,0,0,0,0,0,0,0,0,4,0,1321,0,0,0,0,7,3,10,0,2,14,0,0
912349364,Spain,Western Mediterranean,CAT28,42.24,3.19,POINT (3.19 42.24),2015-07-23T14:00:00Z,6.4,3,0,530,0,0,530,0,51,0,0,1,0,0,0,12,0,0,0,0,0,0,2,0,1,0,0,0,0,0,1,0,0,3,6,690,0,1,0,0,6,1,17,0,1,17,0,0
912349365,Spain,Western Mediterranean,CAT29,42.04,3.23,POINT (3.23 42.04),2015-07-24T14:00:00Z,11.8,0,0,0,0,1,312,0,84,0,0,0,0,0,3,2,0,0,0,0,0,0,2,0,0,0,0,0,0,0,0,2,0,11,1,70,0,2,0,0,4,29,21,0,0,3,3,0
912349366,Spain,Western Mediterranean,CAT29,42.04,3.23,POINT (3.23 42.04),2015-07-24T14:00:00Z,13.8,0,0,0,0,10,435,0,138,0,0,0,1,9,8,29,0,0,0,0,0,0,17,0,1,0,0,0,0,0,0,6,0,6,0,0,0,5,0,0,1,2,6,0,0,2,1,0
912345274,Spain,Western Mediterranean,CAT3,41.72,2.94,POINT (2.94 41.72),2015-06-03T14:00:00Z,4.0,22,0,0,0,0,1120,0,9,0,0,0,0,0,0,8,0,0,0,0,0,0,0,0,0,0,0,0,0,0,0,0,0,2,0,0,0,0,0,0,0,0,0,1,0,2,19,1
912345287,Spain,Western Mediterranean,CAT3,41.72,2.94,POINT (2.94 41.72),2015-06-03T14:00:00Z,6.4,0,0,0,0,0,1942,0,22,0,0,0,0,1,1,2,0,0,0,0,0,0,0,0,0,0,0,0,0,0,0,0,0,10,1,0,0,0,0,0,1,0,1,0,0,2,22,2
912349383,Spain,Western Mediterranean,CAT39,40.87,0.79,POINT (0.79 40.87),2015-10-24T13:00:00Z,6.6,0,0,0,0,0,97,0,36,0,0,4,0,0,0,6,0,0,0,0,2,0,0,0,0,0,0,0,0,0,0,0,0,0,6,0,0,0,0,0,1,0,1,1,1,10,0,0
912349384,Spain,Western Mediterranean,CAT39,40.87,0.79,POINT (0.79 40.87),2015-10-24T13:00:00Z,5.0,0,0,0,0,0,81,0,90,0,0,5,0,0,5,8,0,0,0,0,0,0,7,0,0,0,0,0,0,0,6,0,0,4,5,0,0,0,0,0,0,0,4,5,0,27,1,0
912345276,Spain,Western Mediterranean,CAT4,41.68,2.81,POINT (2.81 41.68),2015-06-04T14:00:00Z,4.0,0,0,0,0,0,465,0,51,0,0,0,0,0,0,2,0,0,0,0,0,0,0,0,0,1,0,0,0,0,0,0,0,6,1,0,0,0,0,0,1,0,0,2,0,5,81,1
912345288,Spain,Western Mediterranean,CAT4,41.68,2.81,POINT (2.81 41.68),2015-06-04T14:00:00Z,8.0,0,0,0,0,0,846,0,63,0,0,0,0,0,0,0,0,0,0,0,0,0,0,0,0,0,0,0,0,0,0,0,0,10,1,0,0,0,0,0,2,0,1,0,0,10,2,0
912349322,Spain,Western Mediterranean,CAT4,41.68,2.81,POINT (2.81 41.68),2015-05-04T14:00:00Z,8.0,0,0,0,0,0,846,0,63,0,0,0,0,0,0,0,0,0,0,0,0,0,0,0,0,0,0,0,0,0,0,0,0,10,1,0,0,0,0,0,2,0,1,0,0,10,2,0
912349385,Spain,Western Mediterranean,CAT40,40.87,0.8,POINT (0.8 40.87),2015-10-25T13:00:00Z,4.0,0,0,0,0,0,33,0,83,0,0,1,0,0,8,16,0,0,0,0,0,0,1,0,0,1,0,0,0,0,266,0,0,0,0,0,0,0,0,0,0,0,8,4,0,11,5,0
912349386,Spain,Western Mediterranean,CAT40,40.87,0.8,POINT (0.8 40.87),2015-10-25T13:00:00Z,4.3,0,0,0,0,0,3,0,148,0,0,4,0,1,3,7,0,0,1,0,0,0,1,0,0,0,0,0,0,0,118,0,0,2,3,0,0,0,0,0,0,0,20,4,0,51,8,0
912349387,Spain,Western Mediterranean,CAT41,41.96,3.23,POINT (3.23 41.96),2015-11-08T13:00:00Z,7.7,1,0,0,0,0,544,0,9,0,1,0,0,1,6,10,0,0,0,0,2,0,1,0,1,0,0,0,0,0,0,0,0,6,1,0,0,0,0,3,6,1,2,4,1,14,0,0
912349388,Spain,Western Mediterranean,CAT41,41.96,3.23,POINT (3.23 41.96),2015-11-08T13:00:00Z,6.7,0,0,0,0,0,119,0,23,0,0,0,0,0,2,2,0,0,0,0,0,0,0,0,0,0,0,0,0,0,22,0,0,5,0,0,0,0,0,4,4,3,1,0,1,8,0,0
912349389,Spain,Western Mediterranean,CAT42,41.85,3.14,POINT (3.14 41.85),2015-11-09T13:00:00Z,7.3,0,0,74,0,0,4000,0,51,0,0,0,0,0,11,6,0,0,0,0,1,1,0,0,0,0,0,0,0,0,45,0,0,6,0,0,22,0,0,0,3,3,12,4,0,69,4,0
912349390,Spain,Western Mediterranean,CAT42,41.85,3.14,POINT (3.14 41.85),2015-11-09T13:00:00Z,9.7,7,0,178,0,0,3320,0,44,1,0,0,0,1,10,14,0,0,0,0,1,0,0,0,0,0,0,0,0,0,30,0,0,10,1,66,123,2,0,1,13,5,378,1,1,11,4,0
912349391,Spain,Western Mediterranean,CAT43,41.71,2.91,POINT (2.91 41.71),2015-11-08T13:00:00Z,3.6,0,0,0,0,0,49,0,9,0,0,0,0,0,20,15,0,0,0,0,0,0,3,0,0,0,0,0,0,0,0,0,0,5,0,0,0,0,0,1,0,0,1,1,0,2,1,0
912349392,Spain,Western Mediterranean,CAT43,41.71,2.91,POINT (2.91 41.71),2015-11-08T13:00:00Z,4.0,0,0,0,0,0,54,0,1,0,0,0,0,0,6,13,0,0,0,0,0,0,3,0,0,0,0,0,0,0,0,0,0,1,0,0,0,0,0,0,0,0,0,0,0,0,3,0
912345285,Spain,Western Mediterranean,CAT1,41.67,2.8,POINT (2.8 41.67),2015-06-02T14:00:00Z,10.0,0,0,0,0,0,361,0,63,0,0,0,0,0,0,1,0,0,0,0,0,0,0,0,0,0,0,0,0,0,0,0,0,5,0,0,0,0,0,0,0,0,0,0,0,0,0,0
912349395,Spain,Alboran Sea,CEU1,35.92,-5.38,POINT (-5.38 35.92),2015-07-04T14:00:00Z,9.1,0,0,32,11,0,15,0,525,0,0,0,0,0,0,1,0,0,0,0,0,0,0,0,0,0,0,0,0,0,0,0,0,2,0,0,0,1,0,0,14,0,1,1,0,0,6,0
912349396,Spain,Alboran Sea,CEU1,35.92,-5.38,POINT (-5.38 35.92),2015-07-04T14:00:00Z,8.1,0,0,616,22,0,33,0,473,0,0,0,0,0,0,11,0,0,0,0,0,0,0,0,0,0,0,0,0,0,0,0,0,2,0,0,0,0,0,0,22,0,0,7,0,3,3,0
912349397,Spain,Alboran Sea,CEU2,35.89,-5.28,POINT (-5.28 35.89),2015-07-04T14:00:00Z,11.7,0,0,0,0,0,70,0,250,2,0,0,0,0,0,19,0,0,0,0,0,0,1,0,3,0,0,4,0,0,0,0,0,12,0,0,0,4,0,0,4,0,13,28,0,5,16,1
912349398,Spain,Alboran Sea,CEU2,35.89,-5.28,POINT (-5.28 35.89),2015-07-04T14:00:00Z,11.6,0,0,150,0,0,51,0,96,1,0,0,0,0,0,5,1,0,0,0,0,0,0,0,0,0,0,0,0,0,0,0,0,11,0,0,0,1,0,0,1,0,6,0,0,6,144,0
912349399,Spain,Alboran Sea,CEU3,35.9,-5.28,POINT (-5.28 35.9),2015-07-04T14:00:00Z,10.0,0,0,220,6,0,13,0,98,0,0,0,0,0,0,17,0,0,0,0,0,0,8,0,0,0,0,0,0,0,0,0,0,9,0,0,0,0,0,0,2,0,14,5,0,5,37,4
912349401,Spain,Alboran Sea,CEU4,35.89,-5.3,POINT (-5.3 35.89),2015-07-04T14:00:00Z,8.9,0,0,0,0,0,0,0,197,1,0,0,0,0,0,15,0,0,0,0,0,0,0,0,0,0,0,0,0,0,0,0,0,17,0,0,0,0,0,0,14,0,60,0,0,2,8,0
912349402,Spain,Alboran Sea,CEU4,35.89,-5.3,POINT (-5.3 35.89),2015-07-04T14:00:00Z,9.7,2,0,0,0,0,30,0,153,1,0,0,0,0,0,1,0,0,0,0,0,0,0,0,0,0,0,0,0,0,0,0,0,9,1,0,0,0,0,0,1,0,71,2,0,3,5,0
912349400,Spain,Alboran Sea,CEU3,35.9,-5.28,POINT (-5.28 35.9),2015-07-04T14:00:00Z,7.8,0,0,0,0,0,19,0,87,3,0,0,0,0,0,2,0,0,0,0,0,0,0,0,0,0,0,0,0,0,0,0,0,10,0,0,0,0,0,0,0,0,12,1,0,2,34,0
912349421,Spain,Alboran Sea,GIB1,36.12,-5.35,POINT (-5.35 36.12),2015-07-03T14:00:00Z,6.2,0,0,170,5,0,2,0,89,0,0,1,0,0,8,17,0,0,0,0,0,0,3,0,0,0,0,0,0,0,0,0,0,4,0,0,0,9,0,0,2,0,0,0,0,3,1,0
912349422,Spain,Alboran Sea,GIB1,36.12,-5.35,POINT (-5.35 36.12),2015-07-03T14:00:00Z,7.0,0,0,0,0,6,0,0,54,0,0,11,0,0,23,24,0,0,4,0,0,0,3,0,0,0,7,10,0,0,14,0,0,0,3,0,0,5,0,0,8,0,6,0,0,13,0,0
912349423,Spain,Alboran Sea,GIB2,36.12,-5.35,POINT (-5.35 36.12),2015-07-03T14:00:00Z,8.5,0,0,1610,0,12,45,0,104,0,0,4,0,0,24,39,0,0,7,0,0,0,10,0,2,0,0,12,0,0,0,0,0,11,5,0,0,4,0,0,2,0,11,0,0,22,14,9
912349425,Morocco,Alboran Sea,MEL1,35.38,-2.96,POINT (-2.96 35.38),2015-09-03T14:00:00Z,8.3,2,0,971,0,0,665,0,151,0,0,0,0,0,4,22,3,2,0,0,0,0,0,0,5,1,0,0,0,0,73,0,0,9,9,0,0,0,0,1,2,0,22,0,0,19,245,0
912349438,Morocco,Alboran Sea,MEL8,35.17,-4.3,POINT (-4.3 35.17),2015-09-09T14:00:00Z,8.4,0,0,30040,0,0,457,0,99,1,0,0,0,0,3,13,1,1,0,0,0,0,0,0,0,0,0,1,0,0,0,0,0,23,1,0,0,3,0,0,7,0,16,0,0,15,109,0
912349439,Morocco,Alboran Sea,MEL8,35.17,-4.3,POINT (-4.3 35.17),2015-09-09T14:00:00Z,9.9,0,0,15550,0,0,950,0,18,0,0,0,0,0,0,0,0,0,0,0,0,0,7,0,0,0,0,1,0,0,0,0,0,18,1,0,0,0,0,0,9,0,8,0,0,3,42,0
912349440,Morocco,Alboran Sea,MEL9,35.21,-3.89,POINT (-3.89 35.21),2015-09-09T14:00:00Z,5.5,0,0,0,0,11,118,0,4,0,0,0,0,1,21,10,2,0,0,0,0,0,6,0,56,0,0,0,0,0,1822,0,0,1,1,0,0,4,0,0,0,0,0,0,0,11,11,0
912349441,Morocco,Alboran Sea,MEL9,35.21,-3.89,POINT (-3.89 35.21),2015-09-09T14:00:00Z,7.4,0,0,30030,0,0,643,0,2,0,0,6,0,0,43,21,2,1,0,0,0,0,2,0,0,0,0,3,0,0,211,0,0,4,0,0,0,0,0,0,2,0,0,0,0,4,92,0
912349426,Morocco,Alboran Sea,MEL2,35.34,-2.96,POINT (-2.96 35.34),2015-09-03T14:00:00Z,7.4,0,0,4600,0,0,1272,0,161,0,0,0,0,0,0,13,2,1,0,0,0,0,1,0,0,0,0,0,0,0,14,0,0,5,4,0,0,0,0,0,0,0,3,0,0,16,46,0
912349427,Morocco,Alboran Sea,MEL2,35.34,-2.96,POINT (-2.96 35.34),2015-09-03T14:00:00Z,9.5,1,0,0,0,0,3777,0,18,0,0,0,0,0,1,7,0,0,0,0,0,0,3,0,0,0,0,0,0,1,0,0,0,8,3,0,0,0,0,0,2,0,22,0,0,10,38,0
912349428,Spain,Alboran Sea,MEL3,35.31,-2.95,POINT (-2.95 35.31),2015-09-03T14:00:00Z,6.6,0,0,0,0,0,863,0,82,0,0,0,0,0,0,23,0,1,0,0,0,0,2,0,0,0,0,0,0,0,0,0,0,6,11,0,0,0,0,0,0,0,9,1,0,17,13,0
912349424,Morocco,Alboran Sea,MEL1,35.38,-2.96,POINT (-2.96 35.38),2015-09-03T14:00:00Z,7.9,3,0,601,0,0,3736,0,220,0,0,0,0,2,0,15,2,2,0,0,0,0,0,0,13,0,0,1,0,0,162,0,0,9,12,0,0,0,0,0,0,0,28,0,0,21,167,0
912349429,Spain,Alboran Sea,MEL3,35.31,-2.95,POINT (-2.95 35.31),2015-09-03T14:00:00Z,5.9,0,0,0,0,0,7,0,115,0,0,0,0,0,0,2,0,0,0,0,0,0,0,0,0,0,0,0,0,0,0,0,0,8,5,0,0,0,0,0,0,0,50,0,0,25,2,0
912349430,Morocco,Alboran Sea,MEL4,35.18,-2.44,POINT (-2.44 35.18),2015-09-04T14:00:00Z,10.0,0,0,0,0,0,1404,0,90,0,2,0,0,0,0,17,0,1,0,0,0,0,0,0,0,0,0,0,0,0,0,0,0,1,6,0,0,5,0,0,0,0,11,0,0,6,22,0
912349431,Morocco,Alboran Sea,MEL4,35.18,-2.44,POINT (-2.44 35.18),2015-09-04T14:00:00Z,7.9,0,0,0,0,0,114,0,70,0,0,0,0,0,0,11,0,0,0,0,0,0,5,0,0,0,0,0,0,0,0,0,0,1,8,0,0,2,0,0,0,0,1,0,0,2,40,0
912349432,Morocco,Alboran Sea,MEL5,35.18,-2.44,POINT (-2.44 35.18),2015-09-04T14:00:00Z,2.9,0,0,0,0,0,3,0,81,0,0,0,0,0,4,8,0,1,0,0,0,0,0,0,4,0,0,0,0,0,0,0,0,0,10,0,0,0,0,0,0,0,1,3,0,4,110,0
912349433,Morocco,Alboran Sea,MEL5,35.18,-2.44,POINT (-2.44 35.18),2015-09-04T14:00:00Z,2.7,0,0,0,0,0,185,0,134,0,0,0,0,0,7,6,0,0,0,0,0,0,2,0,1,0,0,0,0,0,0,0,0,0,17,0,0,0,0,0,0,0,3,1,0,9,56,0
912349434,Morocco,Alboran Sea,MEL6,35.18,-2.43,POINT (-2.43 35.18),2015-09-04T14:00:00Z,10.2,0,0,0,0,0,26520,0,53,0,0,0,0,0,0,86,0,1,0,0,0,0,0,0,10,0,0,1,0,0,69,0,0,7,2,0,0,2,0,0,0,0,0,0,0,3,41,0
912349435,Morocco,Alboran Sea,MEL6,35.18,-2.43,POINT (-2.43 35.18),2015-09-04T14:00:00Z,8.1,0,0,0,0,0,25170,0,30,0,0,0,0,2,0,28,0,1,0,0,0,0,1,0,251,0,0,0,0,0,80,0,0,4,10,0,0,7,0,0,3,0,3,3,0,9,77,0
912349436,Morocco,Alboran Sea,MEL7,35.18,-2.42,POINT (-2.42 35.18),2015-09-04T14:00:00Z,5.9,0,0,0,0,0,3641,0,18,0,0,0,0,0,5,14,0,1,0,0,0,0,0,0,15,0,0,0,0,0,40,0,0,12,3,0,0,0,0,0,0,0,0,0,0,6,43,0
912349437,Morocco,Alboran Sea,MEL7,35.18,-2.42,POINT (-2.42 35.18),2015-09-04T14:00:00Z,5.8,0,0,0,0,0,2448,0,22,0,0,0,0,0,2,7,1,0,0,0,0,0,0,0,1,0,0,2,0,0,30,0,0,8,1,0,0,0,0,0,0,0,3,0,0,4,29,1
912349451,Spain,Western Mediterranean,MURC5,37.63,-0.69,POINT (-0.69 37.63),2015-09-16T14:00:00Z,7.0,0,0,0,0,0,272,0,49,0,0,0,0,0,2,9,0,0,0,0,0,0,2,0,0,0,0,0,0,0,0,0,0,0,1,0,0,0,0,0,3,0,2,1,0,27,24,0
912349452,Spain,Western Mediterranean,MURC6,37.66,-0.65,POINT (-0.65 37.66),2015-09-17T14:00:00Z,5.0,0,0,0,0,0,8650,0,268,0,0,0,0,6,0,18,0,0,0,0,0,0,0,0,751,0,0,1,0,0,8,0,0,1,5,0,0,0,0,0,3,0,40,0,0,3,240,0
912349453,Spain,Western Mediterranean,MURC6,37.66,-0.65,POINT (-0.65 37.66),2015-09-17T14:00:00Z,7.5,1,0,0,0,0,3463,0,167,0,0,0,0,0,1,28,0,1,1,0,0,0,0,2,0,0,0,0,0,0,4,15,0,1,7,5,0,0,0,0,7,0,20,0,0,6,148,0
912349454,Spain,Western Mediterranean,MURC7,37.65,-0.65,POINT (-0.65 37.65),2015-09-17T14:00:00Z,8.7,0,0,0,0,0,32850,0,25,0,0,0,0,2,0,5,0,0,1,0,0,0,0,0,3000,0,0,0,0,0,0,0,0,0,6,0,0,0,0,0,8,0,64,0,0,1,20,0
912349455,Spain,Western Mediterranean,MURC7,37.65,-0.65,POINT (-0.65 37.65),2015-09-17T14:00:00Z,9.7,2,0,0,0,0,10375,0,59,0,0,0,0,2,0,4,0,0,0,0,0,0,0,0,0,0,0,2,0,0,0,0,0,1,3,0,0,0,0,0,22,0,21,0,0,3,41,0
912349456,Spain,Alboran Sea,MURC8,37.58,-0.98,POINT (-0.98 37.58),2015-09-18T14:00:00Z,6.5,11,0,323,0,0,1143,0,44,0,0,0,0,2,0,44,0,0,0,0,3,0,7,0,3,0,34,0,0,0,5,0,4,0,10,0,2000,0,0,0,3,0,14,3,0,28,17,0
912349457,Spain,Alboran Sea,MURC8,37.58,-0.98,POINT (-0.98 37.58),2015-09-18T14:00:00Z,8.3,1,0,2130,0,0,3420,0,38,0,0,2,0,4,13,122,0,0,0,0,0,0,17,0,127,0,7,0,0,0,53,0,3,0,18,123,7,0,0,1,4,0,148,2,1,28,27,0
912349458,Spain,Alboran Sea,MURC9,37.58,-0.99,POINT (-0.99 37.58),2015-09-18T14:00:00Z,6.5,0,0,30000,0,0,18400,0,9,0,0,4,0,1,3,34,0,0,0,0,1,0,4,0,33,0,7,0,0,0,38,0,3,0,7,0,0,0,0,0,1,0,3,1,0,7,15,0
912349459,Spain,Alboran Sea,MURC9,37.58,-0.99,POINT (-0.99 37.58),2015-09-18T14:00:00Z,7.0,0,0,1850,0,0,1726,0,36,0,0,8,0,0,0,114,0,2,0,0,0,0,33,0,0,0,0,0,0,0,145,0,1,1,27,10,0,0,0,0,5,0,19,2,0,15,100,0
912349442,Spain,Alboran Sea,MURC1,37.41,-1.54,POINT (-1.54 37.41),2015-09-14T14:00:00Z,7.4,3,0,0,0,0,3900,0,20,0,0,10,0,0,11,4,0,0,0,0,0,0,0,0,0,0,0,0,0,0,34,0,0,0,5,1,0,0,0,1,4,0,12,5,2,8,14,0
912349443,Spain,Alboran Sea,MURC1,37.41,-1.54,POINT (-1.54 37.41),2015-09-14T14:00:00Z,7.7,23,0,8,0,0,2572,0,14,0,0,9,0,2,2,12,0,0,0,0,0,0,0,0,82,0,0,0,0,1,3,0,0,0,14,0,0,0,0,0,2,0,0,1,1,12,11,0
912349444,Spain,Alboran Sea,MURC2,37.54,-1.15,POINT (-1.15 37.54),2015-09-14T14:00:00Z,6.2,0,0,20,0,0,11,0,18,0,0,1,0,0,0,10,0,0,0,0,0,0,13,0,40,0,0,0,0,0,0,0,0,0,3,11,0,0,0,0,0,0,0,0,1,0,0,0
912349446,Spain,Western Mediterranean,MURC3,37.73,-0.7,POINT (-0.7 37.73),2015-09-16T14:00:00Z,10.7,0,0,0,0,0,10,0,1,0,0,16,0,0,1,1,0,0,0,0,0,0,0,0,0,0,0,0,0,0,11,0,0,0,2,5,230,0,0,0,0,0,30,0,0,1,0,0
912349447,Spain,Western Mediterranean,MURC3,37.73,-0.7,POINT (-0.7 37.73),2015-09-16T14:00:00Z,8.3,0,0,0,0,0,0,0,5,0,0,53,0,0,3,1,0,0,0,0,0,0,0,0,0,0,1,0,0,0,45,0,0,0,3,3,260,0,0,0,0,0,0,0,0,1,0,0
912349448,Spain,Western Mediterranean,MURC4,37.74,-0.69,POINT (-0.69 37.74),2015-09-16T14:00:00Z,8.5,1,0,0,0,0,381,0,15,0,0,1,0,6,1,32,0,0,0,0,0,0,2,0,0,0,0,0,0,0,0,0,0,0,5,0,0,0,0,0,5,0,1,0,0,14,74,0
912349449,Spain,Western Mediterranean,MURC4,37.74,-0.69,POINT (-0.69 37.74),2015-09-16T14:00:00Z,9.5,0,0,0,0,0,4925,0,6,0,1,0,0,14,18,23,0,0,0,0,1,0,0,0,0,0,0,0,0,0,0,1,0,0,7,30,0,0,0,0,2,0,0,0,0,5,119,0
912349450,Spain,Western Mediterranean,MURC5,37.63,-0.69,POINT (-0.69 37.63),2015-09-16T14:00:00Z,6.6,0,0,0,0,0,655,0,31,0,0,5,1,0,6,19,0,0,0,0,0,0,0,0,0,0,0,0,0,0,3,0,0,1,1,0,0,0,1,0,1,2,4,3,1,27,20,0
912349445,Spain,Alboran Sea,MURC2,37.54,-1.15,POINT (-1.15 37.54),2015-09-14T14:00:00Z,6.3,0,0,18,0,0,105,0,7,0,0,15,0,0,2,8,0,0,0,0,0,0,7,0,30,0,0,0,0,0,14,0,0,0,4,0,0,0,0,0,0,0,0,0,0,3,0,0
912349533,Spain,Western Mediterranean,VAL15,38.8,0.2,POINT (0.2 38.8),2015-09-22T14:00:00Z,6.7,0,0,0,0,2,2800,0,190,0,0,2,0,3,14,15,0,0,0,0,0,0,21,0,88,0,0,1,0,0,0,0,0,1,16,0,0,0,0,0,3,0,7,2,1,52,65,0
912349534,Spain,Western Mediterranean,VAL16,39.16,0.23,POINT (0.23 39.16),2015-09-24T14:00:00Z,5.6,0,0,2,0,0,92,0,1,0,0,2,0,1,1,16,0,0,0,0,0,0,1,0,12,0,0,4,0,0,0,0,0,0,12,0,0,0,0,0,1,0,0,1,0,4,0,0
912349535,Spain,Western Mediterranean,VAL16,39.16,0.23,POINT (0.23 39.16),2015-09-24T14:00:00Z,5.5,0,0,130,0,0,230,0,0,0,0,6,0,1,0,14,0,0,0,0,0,0,0,0,16,0,0,0,0,0,0,0,0,0,4,0,0,0,0,0,0,0,0,0,0,11,1,0
912349536,Spain,Western Mediterranean,VAL17,39.9,0.69,POINT (0.69 39.9),2015-09-25T14:00:00Z,6.9,0,0,1,0,0,330,0,5,0,0,0,0,0,2,1,0,1,0,0,0,0,1,0,0,0,0,0,0,0,0,0,0,0,4,0,0,0,0,0,8,0,0,5,1,5,5,0
912349537,Spain,Western Mediterranean,VAL17,39.9,0.69,POINT (0.69 39.9),2015-09-25T14:00:00Z,6.6,0,0,2,0,0,10,0,30,0,0,0,0,0,0,0,0,1,0,0,0,0,0,0,3,0,0,0,0,0,1,0,0,0,4,0,0,0,0,0,3,0,16,7,0,15,13,0
912349538,Spain,Western Mediterranean,VAL18,39.87,0.67,POINT (0.67 39.87),2015-09-25T14:00:00Z,9.2,5,0,5,0,0,36,0,24,0,0,0,0,0,1,7,0,1,0,0,1,0,1,0,0,0,0,0,0,0,1,0,0,0,5,0,0,3,0,0,1,0,20,21,0,24,21,0
912349539,Spain,Western Mediterranean,VAL19,39.85,0.67,POINT (0.67 39.85),2015-09-25T14:00:00Z,11.6,0,0,0,0,0,361,0,150,0,0,0,0,0,0,0,0,0,0,0,0,0,3,0,0,0,0,0,0,0,13,0,0,5,1,0,0,4,0,3,8,0,59,8,1,136,110,0
912349540,Spain,Western Mediterranean,VAL19,39.85,0.67,POINT (0.67 39.85),2015-09-25T14:00:00Z,10.5,0,0,0,0,0,1698,0,117,0,0,0,0,0,1,0,0,1,0,0,0,0,0,0,0,0,0,0,0,0,37,0,0,1,1,0,0,3,0,5,11,0,554,11,1,25,80,0
912349506,Spain,Western Mediterranean,VAL2,38.54,0.07,POINT (0.07 38.54),2015-07-07T14:00:00Z,9.0,10,0,0,0,0,685,0,48,0,0,0,0,0,10,42,0,0,0,0,0,0,4,0,9,0,0,12,0,0,5,0,0,11,15,0,0,3,0,0,12,0,0,9,0,21,0,6
912349504,Spain,Western Mediterranean,VAL1,38.5,0.13,POINT (0.13 38.5),2015-07-07T14:00:00Z,7.5,6,0,0,0,0,610,0,52,0,0,0,0,0,28,38,0,0,1,0,0,0,21,0,0,0,0,6,0,0,8,0,0,16,20,0,0,0,0,0,12,0,0,23,4,17,0,6
912349505,Spain,Western Mediterranean,VAL1,38.5,0.13,POINT (0.13 38.5),2015-07-07T14:00:00Z,6.0,0,0,0,0,0,856,0,17,0,0,5,0,0,11,33,0,0,0,0,0,0,24,0,40,0,0,0,0,4,0,0,0,0,14,0,0,0,0,0,2,0,0,1,2,47,15,0
912349522,Spain,Western Mediterranean,VAL10,38.16,0.45,POINT (0.45 38.16),2015-09-20T14:00:00Z,7.3,0,0,126,0,0,433,0,8,0,0,3,0,0,0,0,0,0,0,0,0,0,0,0,31,0,0,0,0,0,130,0,0,0,5,0,433,0,0,0,4,0,2,1,0,5,23,0
912349523,Spain,Western Mediterranean,VAL10,38.16,0.45,POINT (0.45 38.16),2015-09-20T14:00:00Z,7.6,0,0,5500,0,0,1290,0,15,0,1,4,0,2,1,14,0,0,0,0,0,0,0,0,648,0,0,0,0,0,21,0,0,0,5,3000,0,0,0,0,0,0,0,0,0,7,74,0
912349524,Spain,Western Mediterranean,VAL11,38.16,0.46,POINT (0.46 38.16),2015-09-20T14:00:00Z,5.2,0,0,0,0,0,326,0,10,0,1,2,0,1,4,20,0,0,0,0,0,0,0,0,15,0,0,0,0,0,76,0,0,0,6,28,0,0,0,0,0,0,0,0,2,13,6,0
912349525,Spain,Western Mediterranean,VAL11,38.16,0.46,POINT (0.46 38.16),2015-09-20T14:00:00Z,6.7,0,0,0,0,5,330,0,22,0,0,5,0,1,1,15,0,0,0,0,0,0,0,0,31,0,0,0,0,0,60,0,0,0,8,10,0,0,0,0,0,0,2,2,0,18,14,0
912349526,Spain,Western Mediterranean,VAL12,38.17,0.48,POINT (0.48 38.17),2015-09-20T14:00:00Z,5.3,0,0,49,0,0,810,0,1,0,0,5,0,1,5,13,0,0,0,0,3,0,0,0,223,0,0,0,0,0,1,1,0,0,5,0,0,0,0,0,0,0,7,0,0,16,3,0
912349527,Spain,Western Mediterranean,VAL12,38.17,0.48,POINT (0.48 38.17),2015-09-20T14:00:00Z,4.8,0,0,40,0,0,424,0,12,0,1,6,0,1,0,5,0,1,0,0,6,0,0,0,546,0,0,0,0,0,8,0,0,0,6,0,0,0,0,1,0,0,0,0,0,3,3,0
912349528,Spain,Western Mediterranean,VAL13,38.35,0.41,POINT (0.41 38.35),2015-09-21T14:00:00Z,3.0,0,0,50,0,0,151,0,2,0,4,17,0,1,2,14,0,0,0,0,0,0,2,0,140,0,0,0,0,0,9,0,0,0,5,0,0,0,1,0,0,0,5,2,0,9,2,0
912349529,Spain,Western Mediterranean,VAL13,38.35,0.41,POINT (0.41 38.35),2015-09-21T14:00:00Z,3.4,0,0,0,0,0,70,0,4,0,0,9,0,0,9,10,0,0,0,0,0,0,0,0,43,0,0,0,0,0,0,0,0,0,2,0,0,0,0,0,0,0,4,3,0,12,0,0
912349530,Spain,Western Mediterranean,VAL14,38.47,-0.32,POINT (-0.32 38.47),2015-09-21T14:00:00Z,4.0,0,0,10,0,0,8,0,10,0,0,5,0,0,3,2,0,0,0,0,0,0,2,0,16,0,0,0,0,0,63,0,0,0,1,0,0,0,0,0,0,0,10,1,0,2,2,0
912349531,Spain,Western Mediterranean,VAL14,38.47,-0.32,POINT (-0.32 38.47),2015-09-21T14:00:00Z,4.2,0,0,60,0,0,0,0,5,0,0,2,0,0,0,1,0,0,0,0,0,0,0,0,0,0,0,0,0,0,11,0,0,0,3,0,0,0,0,0,0,0,5,0,0,1,1,0
912349532,Spain,Western Mediterranean,VAL15,38.8,0.2,POINT (0.2 38.8),2015-09-22T14:00:00Z,6.9,0,0,0,0,0,2012,0,28,0,0,3,0,3,5,25,0,0,0,0,0,0,4,1,152,0,0,0,0,0,53,0,0,0,8,0,0,0,0,0,2,0,1,4,1,17,31,0
912349507,Spain,Western Mediterranean,VAL2,38.54,0.07,POINT (0.07 38.54),2015-07-07T14:00:00Z,6.0,6,0,0,0,0,2423,0,21,0,0,3,0,0,16,34,0,0,0,0,0,0,1,0,3,0,0,0,1,0,10,0,0,0,3,0,0,0,0,0,4,0,13,0,1,10,35,0
912349541,Spain,Western Mediterranean,VAL20,39.89,0.67,POINT (0.67 39.89),2015-09-25T14:00:00Z,9.3,1,0,1,0,0,4785,0,112,0,0,0,0,0,0,14,0,0,0,0,0,0,0,0,0,0,0,0,0,0,6,0,0,2,6,0,0,0,0,7,78,0,117,18,1,10,170,0
912349542,Spain,Western Mediterranean,VAL20,39.89,0.67,POINT (0.67 39.89),2015-09-25T14:00:00Z,9.2,21,0,28,0,0,290,0,91,0,0,0,0,0,0,0,0,1,0,0,0,0,0,0,0,0,0,0,0,0,44,0,0,3,5,0,0,0,0,3,14,0,56,14,2,794,109,0
912349508,Spain,Western Mediterranean,VAL3,38.63,0.07,POINT (0.07 38.63),2015-07-07T14:00:00Z,9.0,14,0,0,0,0,674,0,42,0,0,0,0,0,77,34,0,0,0,0,0,0,14,0,0,0,0,11,0,0,25,0,0,8,22,0,0,0,0,0,16,0,10,4,0,22,5,10
912349509,Spain,Western Mediterranean,VAL3,38.63,0.07,POINT (0.07 38.63),2015-07-07T14:00:00Z,4.8,0,0,0,0,0,324,0,29,0,0,15,0,3,9,23,0,2,0,0,0,0,1,0,4,0,0,0,0,0,14,0,0,0,8,0,0,0,0,0,1,0,6,0,1,8,15,0
912349510,Spain,Western Mediterranean,VAL4,38.75,0.23,POINT (0.23 38.75),2015-07-07T14:00:00Z,7.3,0,0,0,0,0,230,0,30,0,0,2,0,0,0,1,0,0,0,0,1,0,3,0,0,0,0,0,0,0,0,0,0,0,5,0,0,0,0,0,1,0,1,1,1,11,3,0
912349511,Spain,Western Mediterranean,VAL4,38.75,0.23,POINT (0.23 38.75),2015-07-07T14:00:00Z,5.5,9,0,0,0,0,108,0,99,0,0,3,0,0,8,28,0,0,0,0,0,0,4,0,1,0,0,0,0,0,35,0,0,1,22,0,0,0,0,0,2,0,2,0,2,45,5,0
912349512,Spain,Western Mediterranean,VAL5,38.68,0.15,POINT (0.15 38.68),2015-07-07T14:00:00Z,4.1,0,0,0,0,0,0,0,39,0,1,5,0,1,8,9,0,0,0,0,1,0,7,0,1,0,0,0,0,0,34,0,0,0,4,0,0,0,0,0,1,0,2,1,1,8,11,0
912349513,Spain,Western Mediterranean,VAL5,38.68,0.15,POINT (0.15 38.68),2015-07-07T14:00:00Z,3.4,0,0,0,0,0,32,0,85,1,0,23,0,0,24,45,0,0,0,0,2,0,14,0,18,1,0,1,0,0,52,1,0,0,41,0,0,0,0,0,3,0,26,0,0,53,25,2
912349514,Spain,Western Mediterranean,VAL6,39.85,0.08,POINT (0.08 39.85),2015-07-09T14:00:00Z,13.0,0,0,0,0,0,425,0,18,0,0,0,0,0,0,19,0,0,0,0,0,0,8,0,0,0,0,0,0,0,0,0,0,0,14,0,0,0,0,0,11,0,2,3,0,8,0,0
912349515,Spain,Western Mediterranean,VAL6,39.85,0.08,POINT (0.08 39.85),2015-07-09T14:00:00Z,14.5,1,0,0,0,0,990,0,47,0,0,0,0,0,1,3,0,0,0,0,0,0,3,0,0,0,0,0,0,0,0,0,0,0,5,0,0,0,0,0,0,0,0,0,0,4,0,0
912349516,Spain,Western Mediterranean,VAL7,39.86,0.04,POINT (0.04 39.86),2015-07-09T14:00:00Z,14.5,0,0,120,0,0,485,0,27,0,0,0,0,0,19,23,0,0,0,0,0,0,12,0,0,0,0,0,0,0,0,0,0,6,10,0,0,0,0,0,7,2,3,0,0,19,0,0
912349517,Spain,Western Mediterranean,VAL7,39.86,0.04,POINT (0.04 39.86),2015-07-09T14:00:00Z,13.0,0,0,0,0,0,215,0,16,0,0,0,0,1,0,42,0,0,0,0,0,0,3,0,0,0,0,0,0,0,0,0,0,1,5,0,0,0,0,0,1,0,6,0,1,4,0,0
912349518,Spain,Western Mediterranean,VAL8,37.91,-0.72,POINT (-0.72 37.91),2015-09-19T14:00:00Z,5.9,0,0,0,0,0,464,0,4,0,0,2,0,0,0,3,0,0,0,0,0,0,1,0,0,0,0,0,0,0,3,0,0,0,1,0,0,0,0,0,0,0,1,0,0,1,2,0
912349519,Spain,Western Mediterranean,VAL8,37.91,-0.72,POINT (-0.72 37.91),2015-09-19T14:00:00Z,6.1,0,0,0,0,0,85,0,3,0,0,0,0,2,1,3,0,0,0,0,0,0,0,0,0,0,0,0,0,0,0,0,0,0,3,0,0,0,0,0,0,0,0,0,0,1,1,0
912349520,Spain,Western Mediterranean,VAL9,38.16,0.45,POINT (0.45 38.16),2015-09-20T14:00:00Z,8.4,0,0,50000,0,0,50000,0,24,0,0,2,0,9,2,5,0,0,0,0,0,0,0,0,20,0,0,0,0,0,0,0,0,0,9,1,0,0,0,0,1,0,19,0,1,17,33,0
912349521,Spain,Western Mediterranean,VAL9,38.16,0.45,POINT (0.45 38.16),2015-09-20T14:00:00Z,9.3,0,0,3363,0,0,860,0,8,0,0,1,0,0,0,2,0,0,0,0,1,0,0,0,38,0,0,0,0,0,70,0,0,0,4,0,20,0,0,0,0,0,1,0,2,8,13,0
912344153,Israel,Levantine Sea,MED29,33.07,35.09,POINT (35.09 33.07),2014-06-28T14:00:00Z,11.0,0,0,0,0,0,9,0,22,0,0,0,0,0,0,0,2,2,3,0,0,0,0,0,0,0,0,0,0,0,0,0,0,0,0,0,0,0,0,0,0,0,0,0,0,0,118,0
912344154,Israel,Levantine Sea,MED29,33.07,35.09,POINT (35.09 33.07),2014-06-28T14:00:00Z,16.0,4,0,0,0,0,22,0,7,0,0,0,0,0,0,0,0,0,0,0,0,0,0,0,0,1,0,0,1,0,0,0,0,0,1,0,0,0,0,0,0,0,0,0,0,0,103,0
912344159,Israel,Levantine Sea,MED30,33.09,35.1,POINT (35.1 33.09),2014-06-28T14:00:00Z,14.0,0,0,0,0,0,164,0,31,0,0,0,0,0,0,0,1,1,10,0,0,0,0,0,0,0,0,0,0,0,0,0,0,0,1,0,0,0,0,0,0,0,0,0,0,0,99,4
912344160,Israel,Levantine Sea,MED30,33.09,35.1,POINT (35.1 33.09),2014-06-28T14:00:00Z,13.0,0,0,0,0,0,182,0,14,0,0,0,0,0,0,0,0,2,9,0,0,0,0,0,0,0,0,0,0,0,0,0,0,0,1,0,0,0,0,0,0,0,0,0,0,0,197,1
912344161,Israel,Levantine Sea,MED31,33.09,35.1,POINT (35.1 33.09),2014-06-28T14:00:00Z,10.0,0,0,0,0,0,106,0,18,0,0,0,2,0,6,21,0,2,19,0,0,0,0,0,3,0,0,0,0,0,0,0,0,0,0,0,0,0,0,0,0,0,0,0,0,4,111,0
912344162,Israel,Levantine Sea,MED32,33.04,35.08,POINT (35.08 33.04),2014-06-28T14:00:00Z,10.0,0,0,0,0,0,132,0,78,0,0,0,0,0,2,0,0,0,27,0,0,0,0,0,0,0,0,0,0,0,0,0,0,0,0,0,0,0,0,0,0,0,0,0,0,4,134,1
912344163,Israel,Levantine Sea,MED32,33.04,35.08,POINT (35.08 33.04),2014-06-28T14:00:00Z,11.0,0,0,0,0,0,10,0,165,0,0,0,0,0,5,9,1,0,26,0,0,0,0,1,0,0,0,0,0,0,0,0,0,1,0,0,0,0,0,0,0,0,0,0,0,0,142,0
912344155,Israel,Levantine Sea,MED33,32.83,34.95,POINT (34.95 32.83),2014-06-30T14:00:00Z,1.5,0,0,0,0,0,0,0,0,0,0,0,0,0,0,0,0,0,0,0,0,0,0,0,0,0,0,0,0,0,0,0,0,0,0,0,0,0,0,0,0,0,0,0,0,2,57,0
912344156,Israel,Levantine Sea,MED33,32.83,34.95,POINT (34.95 32.83),2014-06-30T14:00:00Z,2.0,0,0,0,0,0,0,0,0,0,0,0,0,0,0,0,0,0,0,0,0,0,0,0,0,0,0,0,0,0,0,0,0,0,0,0,0,0,0,0,0,0,0,0,0,0,40,0
912344157,Israel,Levantine Sea,MED34,32.84,34.97,POINT (34.97 32.84),2014-06-30T14:00:00Z,2.0,0,0,0,0,0,0,0,2,0,0,0,0,0,0,0,1,0,1,0,0,0,0,0,0,0,0,0,0,0,0,0,0,0,0,0,0,0,0,0,0,0,0,0,0,0,23,0
912344158,Israel,Levantine Sea,MED34,32.84,34.97,POINT (34.97 32.84),2014-06-30T14:00:00Z,1.5,0,0,0,0,0,0,0,4,0,0,0,0,0,0,0,0,2,0,0,0,0,0,0,0,0,0,0,0,0,0,0,0,0,0,0,0,0,0,0,0,0,0,0,0,0,31,0
912344596,Spain,Alboran Sea,AND24,36.88,-2.0,POINT (-2 36.88),2014-07-08T14:00:00Z,2.2,0,0,0,0,2,5,0,15,0,0,0,0,3,35,23,0,0,0,0,0,0,0,0,4,0,0,0,0,0,199,0,0,0,2,0,0,0,0,0,0,0,0,3,0,10,9,0
912344597,Spain,Alboran Sea,AND25,36.86,-2.0,POINT (-2 36.86),2014-07-08T14:00:00Z,2.0,0,0,0,0,0,0,0,7,0,0,0,0,0,4,20,0,0,0,0,0,0,0,0,0,0,0,2,0,0,15,0,0,0,1,0,0,0,0,0,0,0,0,0,0,0,0,0
912344598,Spain,Alboran Sea,AND26,36.82,-2.04,POINT (-2.04 36.82),2014-07-08T14:00:00Z,2.4,0,2,0,0,0,2,0,16,0,0,0,2,3,5,3,0,0,0,0,0,1,0,0,1,0,0,0,0,0,0,0,0,0,0,0,0,0,0,0,0,0,0,2,0,0,14,0
912344599,Spain,Alboran Sea,AND27,36.94,-1.91,POINT (-1.9100000000000001 36.94),2014-07-09T14:00:00Z,2.4,0,0,0,0,0,0,0,23,0,0,4,0,0,13,8,0,0,0,0,0,6,10,0,2,0,0,0,0,0,36,0,0,0,7,0,0,0,0,0,0,0,0,10,0,15,29,0
912344600,Spain,Alboran Sea,AND28,36.94,-1.91,POINT (-1.9100000000000001 36.94),2014-07-09T14:00:00Z,3.4,0,0,0,0,0,7,0,17,0,0,0,0,0,2,13,0,0,0,0,0,1,14,0,10,0,0,0,0,0,11,0,0,0,8,0,0,0,0,6,1,0,0,15,0,11,36,0
912344602,Spain,Alboran Sea,AND29,36.9,-1.97,POINT (-1.97 36.9),2014-07-10T14:00:00Z,6.9,2,0,0,0,0,498,0,58,0,0,0,0,0,4,6,0,0,0,0,0,0,0,0,71,0,0,1,0,0,4,0,0,0,2,0,0,0,0,0,0,0,0,3,0,21,52,0
912344583,Spain,Alboran Sea,AND11,36.82,-2.54,POINT (-2.54 36.82),2014-07-01T14:00:00Z,5.1,0,0,0,0,0,2500,0,2,0,0,0,0,3,3,8,4,0,0,0,0,0,0,0,0,0,0,0,0,0,2,0,0,5,6,0,0,0,0,0,0,0,0,2,0,9,72,0
912344584,Spain,Alboran Sea,AND12,36.82,-2.55,POINT (-2.55 36.82),2014-07-01T14:00:00Z,6.4,0,0,600,0,0,660,0,2,0,0,3,0,1,0,8,2,0,0,0,0,0,0,0,1,0,0,0,0,0,1,0,0,1,1,0,0,0,0,0,2,0,0,2,0,3,150,0
912344585,Spain,Alboran Sea,AND13,36.81,-2.04,POINT (-2.04 36.81),2014-07-01T14:00:00Z,3.4,0,900,0,0,0,14,0,17,0,0,1,0,0,3,13,0,0,0,0,0,0,9,0,13,0,0,0,0,0,300,0,0,0,0,0,0,0,0,0,0,0,9,11,2,15,6,0
912344601,Spain,Alboran Sea,AND30,36.9,-1.97,POINT (-1.97 36.9),2014-07-10T14:00:00Z,3.5,0,0,0,0,0,363,0,60,0,0,0,1,2,9,8,0,0,0,0,0,3,0,0,0,0,0,1,0,0,0,0,0,1,4,0,0,0,0,0,0,0,0,2,1,7,75,0
912344603,Spain,Alboran Sea,AND31,36.82,-2.51,POINT (-2.51 36.82),2014-07-14T14:00:00Z,4.8,0,0,702,0,5,15,0,5,0,0,1,1,1,9,7,1,0,0,0,0,0,0,0,1,0,0,4,0,0,653,0,0,7,2,0,0,0,0,0,0,0,0,1,0,0,71,0
912344604,Spain,Alboran Sea,AND32,36.83,-2.49,POINT (-2.49 36.83),2014-07-14T14:00:00Z,2.4,0,790,0,0,0,0,0,35,0,0,0,0,0,0,12,0,0,0,0,0,0,0,0,15,0,0,1,1,0,0,0,0,0,7,0,0,0,0,0,0,0,0,32,1,20,25,0
912344605,Spain,Alboran Sea,AND33,36.82,-2.55,POINT (-2.55 36.82),2014-07-15T14:00:00Z,3.4,2,0,210,0,0,749,0,11,0,0,1,1,1,7,8,0,0,0,0,0,1,0,0,0,0,0,7,0,0,651,0,0,6,2,0,0,0,0,0,1,0,0,2,0,1,51,0
912344586,Spain,Alboran Sea,AND14,36.82,-2.52,POINT (-2.52 36.82),2014-07-02T14:00:00Z,4.4,0,0,30,0,0,3600,0,5,1,0,0,0,0,12,16,0,0,0,0,0,0,0,0,1,0,0,0,0,0,14,0,0,4,8,0,0,0,0,16,0,0,3,8,0,1,34,0
912344587,Spain,Alboran Sea,AND15,36.82,-2.53,POINT (-2.5300000000000002 36.82),2014-07-02T14:00:00Z,5.0,1,0,0,0,0,173,0,2,0,0,1,0,0,0,4,0,0,0,0,1,1,0,0,0,0,0,0,0,0,0,0,0,4,7,0,0,0,0,0,0,0,0,0,0,1,422,0
912344588,Spain,Alboran Sea,AND16,36.76,-2.1,POINT (-2.1 36.76),2014-07-02T14:00:00Z,5.3,0,800,1100,0,15,225,0,5,0,0,12,3,0,27,221,0,0,0,0,0,0,1,0,436,0,0,0,0,0,38,0,0,1,5,0,0,0,0,1,0,0,2,33,4,65,6,0
912344589,Spain,Alboran Sea,AND17,36.81,-2.56,POINT (-2.56 36.81),2014-07-03T14:00:00Z,4.2,0,0,0,0,0,600,0,3,0,0,3,1,8,6,10,0,0,0,0,0,0,0,0,1,0,0,1,0,0,15,0,0,7,1,0,0,0,0,0,1,2,0,10,0,0,14,0
912344606,Spain,Alboran Sea,AND34,36.82,-2.55,POINT (-2.55 36.82),2014-07-15T14:00:00Z,4.8,1,0,60,0,0,5126,0,21,0,0,0,0,6,0,7,4,0,0,0,0,0,1,0,0,0,0,2,0,0,0,0,0,5,4,0,0,0,0,0,1,0,1,1,0,7,117,0
912349136,Spain,Alboran Sea,AND35,36.78,-2.06,POINT (-2.06 36.78),2014-09-18T14:00:00Z,8.0,2,0,0,0,0,2330,0,195,0,0,0,0,0,2,19,4,0,1,0,0,0,0,0,0,0,0,1,1,0,0,0,0,8,10,0,0,0,0,0,2,0,0,1,0,12,21,0
912349137,Spain,Alboran Sea,AND36 ,36.79,-2.06,POINT (-2.06 36.79),2014-09-18T14:00:00Z,7.1,1,0,0,0,0,374,0,51,0,0,0,0,0,3,7,0,0,0,0,1,0,0,0,0,0,0,0,0,0,0,0,0,0,30,1,0,0,0,0,6,0,0,3,1,31,6,1
912344590,Spain,Alboran Sea,AND18,36.77,-2.07,POINT (-2.07 36.77),2014-07-03T14:00:00Z,7.9,0,0,0,0,0,83,0,144,0,0,0,0,0,0,0,0,0,0,0,0,6,0,0,0,0,0,2,0,0,0,0,0,2,5,0,0,0,0,3,2,0,0,1,0,7,17,0
912344591,Spain,Alboran Sea,AND19,36.94,-1.94,POINT (-1.94 36.94),2014-07-06T14:00:00Z,2.3,0,1250,0,0,0,0,0,17,0,0,18,0,0,10,31,0,0,0,0,0,0,1,0,1,0,0,0,0,0,70,0,0,0,3,0,0,0,0,0,0,0,2,8,0,15,2,0
912344592,Spain,Alboran Sea,AND20,36.92,-1.95,POINT (-1.95 36.92),2014-07-06T14:00:00Z,4.8,0,60,0,0,0,142,0,41,0,0,4,0,0,6,21,1,0,0,0,0,2,9,0,44,0,0,1,0,0,13,0,0,0,2,0,0,0,0,1,1,0,0,2,1,11,4,0
912344593,Spain,Alboran Sea,AND21,36.75,-2.11,POINT (-2.11 36.75),2014-07-06T14:00:00Z,4.7,0,0,0,0,0,63,0,71,0,0,7,0,0,10,25,0,0,0,0,1,2,2,0,0,0,0,2,0,0,7,0,0,1,3,0,0,0,0,11,0,0,3,2,0,37,39,0
912344594,Spain,Alboran Sea,AND22,36.77,-2.08,POINT (-2.08 36.77),2014-07-07T14:00:00Z,3.5,0,0,0,0,0,260,0,59,0,0,1,0,1,17,14,0,0,0,0,0,1,1,0,100,0,0,0,0,0,12,0,0,0,15,0,0,0,0,1,0,0,1,14,0,28,16,0
912344595,Spain,Alboran Sea,AND23,36.74,-2.11,POINT (-2.11 36.74),2014-07-07T14:00:00Z,3.9,0,0,60,0,0,85,0,18,0,0,0,2,1,11,41,0,0,0,0,0,0,0,0,51,0,0,1,0,0,18,0,0,0,10,0,0,0,0,0,0,0,0,2,0,14,64,0
912349138,Spain,Alboran Sea,AND37,36.85,-2.0,POINT (-2 36.85),2014-09-19T14:00:00Z,8.1,0,0,3000,0,0,1005,0,95,0,0,0,0,0,0,3,0,0,0,0,1,0,0,0,0,0,0,2,0,0,50,0,0,12,5,0,0,0,0,0,6,0,0,1,0,16,11,0
912344582,Spain,Alboran Sea,AND9,36.82,-2.51,POINT (-2.51 36.82),2014-07-14T14:00:00Z,3.0,0,300,0,0,0,1,0,32,0,0,5,0,0,10,4,1,0,2,0,0,1,0,0,5,0,0,6,0,0,8,0,0,4,0,0,0,0,0,0,5,0,0,12,0,6,47,0
912349129,Spain,Alboran Sea,AND3,36.51,-4.89,POINT (-4.89 36.51),2013-10-28T13:00:00Z,1.0,0,0,10,0,0,3,0,10,0,0,0,6,2,79,69,0,0,0,0,0,0,5,0,14,0,0,0,0,0,7,0,0,1,0,0,0,0,0,0,0,0,0,0,0,0,17,0
912349127,Spain,Alboran Sea,AND1,36.41,-5.17,POINT (-5.17 36.41),2013-10-27T13:00:00Z,2.3,0,0,822,0,0,0,0,43,0,0,9,6,2,59,12,0,0,0,0,0,0,6,0,1810,0,0,5,0,4,0,0,0,1,0,0,0,0,0,0,0,0,0,0,0,0,3,0
912349131,Spain,Alboran Sea,AND5,36.51,-4.64,POINT (-4.64 36.51),2013-10-28T13:00:00Z,1.5,0,0,0,0,0,0,0,2,0,0,0,1,0,17,10,0,0,0,0,0,0,0,0,0,0,0,0,0,0,0,0,0,2,3,0,0,0,0,0,0,0,0,0,0,3,0,0
912349133,Spain,Alboran Sea,AND7,36.74,-3.01,POINT (-3.01 36.74),2013-11-26T13:00:00Z,1.8,0,300,0,0,0,269,0,47,0,0,0,2,1,13,3,0,0,1,0,0,0,0,0,69,0,0,0,0,0,0,0,0,12,6,0,0,0,0,0,1,0,0,0,0,89,16,0
912349134,Spain,Alboran Sea,AND8,36.83,-2.46,POINT (-2.46 36.83),2013-11-27T13:00:00Z,1.8,0,500,0,0,62,9,0,12,0,0,5,2,0,15,6,0,0,0,0,0,0,2,0,2,0,0,0,0,0,37,0,0,0,4,0,0,0,0,0,0,0,0,2,0,24,7,0
912349135,Spain,Alboran Sea,AND9,36.82,-2.51,POINT (-2.51 36.82),2013-11-27T13:00:00Z,2.4,0,0,0,0,0,294,0,49,0,0,2,0,0,0,4,0,0,1,0,2,0,0,0,14,0,0,1,0,0,15,0,0,2,2,0,0,0,0,0,0,0,0,0,1,223,32,0
912349128,Spain,Alboran Sea,AND2,36.48,-4.97,POINT (-4.97 36.48),2013-10-28T13:00:00Z,3.3,0,0,800,0,0,0,0,158,0,0,0,3,0,319,5,0,0,1,0,0,0,2,0,2,0,0,0,0,0,0,0,0,5,4,0,0,1,0,0,0,0,0,0,0,0,1,0
912349130,Spain,Alboran Sea,AND4,36.48,-4.74,POINT (-4.74 36.48),2013-10-28T13:00:00Z,1.5,0,300,0,0,0,0,0,11,0,0,0,4,0,24,20,0,0,0,0,0,0,2,0,0,0,0,2,0,0,0,0,0,2,0,0,0,0,0,0,0,0,0,0,0,0,0,0
912349132,Spain,Alboran Sea,AND6,36.7,-3.41,POINT (-3.41 36.7),2013-11-26T13:00:00Z,4.3,1,0,0,0,0,2120,0,49,0,0,1,3,0,1,1,0,0,0,0,0,0,0,0,305,0,0,2,0,0,0,0,0,9,0,0,0,0,0,0,0,0,0,0,0,0,29,0
912342199,Italy,Adriatic Sea,IT2,43.55,13.63,POINT (13.63 43.55),2012-09-22T14:00:00Z,6.0,0,35,45,0,0,0,2,0,0,0,9,0,0,36,6,0,0,0,0,0,0,3,0,1,0,2,0,0,0,0,0,0,0,0,0,0,0,0,0,0,0,0,0,0,0,0,0
912342200,Italy,Adriatic Sea,IT2,43.55,13.63,POINT (13.63 43.55),2012-09-22T14:00:00Z,5.0,0,91,25,0,0,0,8,0,0,0,5,0,0,20,20,0,0,0,0,0,0,3,0,29,0,0,0,0,0,0,0,0,0,0,0,0,0,0,0,0,0,0,0,0,0,0,0
912342201,Italy,Adriatic Sea,IT2,43.55,13.63,POINT (13.63 43.55),2012-09-22T14:00:00Z,5.1,0,105,1,0,0,0,0,0,0,0,5,0,0,21,17,0,0,0,0,0,0,7,0,29,0,3,0,0,0,0,0,0,0,0,0,0,0,0,0,0,0,0,0,0,1,0,0
912342198,Italy,Adriatic Sea,IT1,43.54,13.63,POINT (13.63 43.54),2012-08-29T14:00:00Z,6.0,0,51,0,0,0,0,0,0,0,0,3,0,0,22,2,0,0,0,0,0,0,4,0,0,0,0,0,0,0,0,0,0,0,2,0,0,0,0,1,0,0,2,0,0,10,0,0
39003128,Italy,Western Mediterranean,MED2,40.7,13.88,POINT (13.88 40.7),2011-07-03T14:00:00Z,4.0,0,0,0,0,0,1,0,49,0,0,22,0,0,0,3,0,0,0,0,0,0,9,0,0,0,0,0,0,0,8,0,0,0,5,0,0,0,0,0,0,0,0,1,0,24,0,0
39003909,Italy,Western Mediterranean,MED2,40.7,13.88,POINT (13.88 40.7),2011-07-03T14:00:00Z,3.9,0,0,0,0,0,72,0,27,0,0,15,0,0,1,0,0,0,0,0,0,0,25,0,0,0,0,0,0,0,9,0,0,0,3,0,0,0,0,0,0,0,1,3,0,25,1,0
39003129,Italy,Western Mediterranean,MED3,40.7,13.87,POINT (13.87 40.7),2011-07-03T14:00:00Z,6.0,1,0,0,0,0,449,0,53,0,0,0,0,1,2,2,0,0,0,0,0,0,21,0,0,0,0,0,0,0,0,0,0,0,7,0,0,0,0,0,3,0,0,0,0,36,4,0
39003910,Italy,Western Mediterranean,MED3,40.7,13.87,POINT (13.87 40.7),2011-07-03T14:00:00Z,5.0,9,0,0,0,0,810,0,54,0,0,0,0,0,1,2,0,0,0,0,0,0,2,1,0,0,0,1,0,0,1,0,0,0,6,0,0,0,0,0,1,0,0,0,0,40,15,0
39003130,Italy,Western Mediterranean,MED4,40.7,13.92,POINT (13.92 40.7),2011-07-05T14:00:00Z,7.5,1,0,0,0,0,1010,0,45,0,0,0,0,0,3,0,0,0,0,0,0,0,3,0,0,0,0,1,0,0,10,0,0,0,9,0,0,0,0,0,2,0,0,0,0,10,21,0
39003911,Italy,Western Mediterranean,MED4,40.7,13.92,POINT (13.92 40.7),2011-07-05T14:00:00Z,6.0,4,0,10,0,0,155,1,69,0,0,1,0,0,1,15,0,0,0,0,0,0,27,0,1,0,0,0,0,0,27,0,0,0,11,0,0,0,0,0,1,0,3,0,0,24,12,0
39003131,Italy,Western Mediterranean,MED5,40.7,13.93,POINT (13.93 40.7),2011-07-05T14:00:00Z,6.2,0,0,0,0,0,833,0,66,0,0,1,0,0,0,7,0,0,0,0,0,0,33,1,0,0,0,0,0,0,5,0,0,0,16,0,0,0,0,0,5,0,0,1,1,45,12,0
39003912,Italy,Western Mediterranean,MED5,40.7,13.93,POINT (13.93 40.7),2011-07-05T14:00:00Z,6.0,2,0,0,0,0,1450,0,34,0,0,0,0,0,0,4,0,0,0,0,0,0,0,0,28,0,0,0,0,0,21,0,0,0,7,0,0,0,0,0,0,2,3,0,0,20,5,0
39003132,Italy,Western Mediterranean,MED6,40.7,13.94,POINT (13.94 40.7),2011-07-05T14:00:00Z,6.0,1,0,0,0,0,870,0,38,0,0,1,0,0,1,4,0,0,0,0,0,0,67,0,1,0,0,2,0,0,74,0,0,0,11,0,0,0,0,0,1,0,0,0,1,34,6,0
33003074,France,Western Mediterranean,MED23,43.21,5.34,POINT (5.34 43.21),2011-07-25T14:00:00Z,6.0,0,0,0,0,0,166,0,69,0,0,0,0,0,0,6,0,0,0,0,1,0,5,0,4,1,0,1,2,0,0,0,0,13,0,0,0,0,0,0,3,0,0,0,0,11,0,1
33003075,France,Western Mediterranean,MED24,43.23,5.35,POINT (5.35 43.23),2011-07-25T14:00:00Z,6.5,0,0,0,0,0,0,0,38,0,0,0,0,0,0,7,0,0,0,0,1,0,0,0,0,0,0,0,0,0,0,0,0,3,0,0,0,0,1,0,0,0,0,0,0,4,0,0
39003127,Italy,Western Mediterranean,MED1,40.69,13.89,POINT (13.89 40.69),2011-07-03T14:00:00Z,6.0,0,0,0,0,0,249,0,39,0,0,0,0,0,0,3,0,0,0,0,0,0,2,0,0,0,0,0,0,0,0,0,0,0,3,0,0,0,0,0,0,0,0,0,0,2,6,0
39003908,Italy,Western Mediterranean,MED1,40.69,13.89,POINT (13.89 40.69),2011-07-03T14:00:00Z,5.0,1,0,4,0,0,678,0,60,0,0,0,0,0,1,2,0,0,0,0,0,0,1,0,0,0,0,0,0,0,16,0,0,1,6,0,0,0,0,0,0,0,0,1,0,7,20,0
39003913,Italy,Western Mediterranean,MED6,40.7,13.94,POINT (13.94 40.7),2011-07-05T14:00:00Z,4.8,3,0,0,0,0,963,0,31,0,0,0,0,0,5,8,0,0,0,0,0,0,40,0,13,0,0,0,0,0,10,0,0,0,5,4,0,0,0,0,0,0,14,0,0,19,8,0
39003133,Italy,Western Mediterranean,MED7,40.74,13.99,POINT (13.99 40.74),2011-07-06T14:00:00Z,6.0,27,0,0,0,0,400,0,31,0,0,3,0,1,4,26,0,0,0,0,0,0,1,0,0,0,0,20,0,0,43,0,0,0,13,0,0,0,0,0,1,0,0,0,0,22,35,0
39003914,Italy,Western Mediterranean,MED7,40.74,13.99,POINT (13.99 40.74),2011-07-06T14:00:00Z,5.2,23,0,0,0,0,497,0,44,0,0,1,0,0,0,21,0,0,0,0,0,0,1,0,0,0,0,8,0,0,92,1,0,0,14,0,0,0,0,0,0,1,0,0,0,16,33,0
39003134,Italy,Western Mediterranean,MED8,40.74,13.98,POINT (13.98 40.74),2011-07-06T14:00:00Z,8.9,1,0,0,0,0,980,0,46,0,0,3,0,0,15,6,0,0,0,0,0,0,0,0,0,0,0,5,0,0,3,0,0,0,11,0,0,0,0,0,2,0,0,0,0,12,43,0
39003915,Italy,Western Mediterranean,MED8,40.74,13.98,POINT (13.98 40.74),2011-07-06T14:00:00Z,8.5,1,0,0,0,0,869,0,49,0,0,3,0,7,9,31,0,0,0,0,0,0,0,0,0,0,0,1,0,0,16,0,0,0,11,0,0,0,0,0,1,1,0,0,0,6,96,0
39003135,Italy,Western Mediterranean,MED9,40.72,13.96,POINT (13.96 40.72),2011-07-06T14:00:00Z,6.5,13,0,0,0,0,99,0,61,0,0,0,0,0,0,6,0,0,0,0,0,0,12,0,0,0,0,0,0,0,56,0,0,0,11,0,0,0,0,0,4,0,2,0,0,12,20,0
39003916,Italy,Western Mediterranean,MED9,40.72,13.96,POINT (13.96 40.72),2011-07-06T14:00:00Z,6.2,1,0,0,0,0,115,0,46,0,0,6,0,0,1,20,0,0,0,0,0,0,32,0,0,0,0,0,0,0,1,0,0,0,9,0,0,0,0,0,1,0,10,0,0,24,4,0
33003920,France,Western Mediterranean,MED13,42.46,3.16,POINT (3.16 42.46),2011-07-14T14:00:00Z,5.0,0,0,0,0,0,419,0,41,0,0,0,1,4,15,46,0,0,0,0,2,0,10,0,137,0,0,0,0,0,35,0,0,2,0,0,0,0,0,0,0,2,0,0,0,11,0,0
33003066,France,Western Mediterranean,MED14,42.47,3.16,POINT (3.16 42.47),2011-07-14T14:00:00Z,6.0,0,0,0,0,8,30,0,45,0,0,0,1,0,11,59,0,0,0,0,1,0,3,0,0,0,0,1,0,0,0,0,0,4,1,0,0,0,0,0,1,6,1,0,0,2,0,0
33003921,France,Western Mediterranean,MED14,42.47,3.16,POINT (3.16 42.47),2011-07-14T14:00:00Z,5.3,0,0,0,0,2,41,0,36,0,0,0,0,0,6,21,0,0,1,0,0,0,0,0,0,1,0,0,0,0,0,0,0,5,0,0,0,0,0,0,3,0,0,0,0,1,0,0
33003067,France,Western Mediterranean,MED15,42.45,3.16,POINT (3.16 42.45),2011-07-15T14:00:00Z,7.0,0,0,0,0,0,23,0,68,1,0,0,0,0,4,7,0,0,0,0,0,0,0,0,0,0,1,0,0,0,0,0,0,4,0,0,0,0,0,0,0,0,22,0,0,12,0,0
33003922,France,Western Mediterranean,MED15,42.45,3.16,POINT (3.16 42.45),2011-07-15T14:00:00Z,6.6,0,0,0,0,0,21,0,65,0,0,0,0,0,2,11,0,0,0,0,0,0,2,0,7,0,0,0,0,0,0,0,0,4,0,0,0,0,0,0,0,0,1,0,1,27,0,0
33003068,France,Western Mediterranean,MED16,42.48,3.14,POINT (3.14 42.48),2011-07-15T14:00:00Z,10.5,0,0,0,0,0,34,0,82,0,0,1,0,0,12,37,0,0,0,0,0,0,15,0,0,0,0,0,0,0,0,0,0,7,1,0,0,0,0,0,3,1,2,0,0,7,0,1
33003923,France,Western Mediterranean,MED16,42.48,3.14,POINT (3.14 42.48),2011-07-15T14:00:00Z,8.0,0,0,0,0,0,485,0,47,1,0,0,0,1,13,33,0,0,0,0,1,0,0,1,0,0,0,0,0,0,0,0,0,8,1,0,0,0,0,0,2,0,2,1,0,8,0,0
33003069,France,Western Mediterranean,MED17,42.48,3.13,POINT (3.13 42.48),2011-07-17T14:00:00Z,5.5,0,0,0,0,0,4,0,22,5,0,1,0,0,1,12,0,0,1,1,2,0,48,0,31,0,0,1,0,0,0,0,0,16,0,0,0,0,0,0,2,0,5,0,0,2,0,0
33003924,France,Western Mediterranean,MED17,42.48,3.13,POINT (3.13 42.48),2011-07-17T14:00:00Z,4.9,0,0,30,0,0,0,0,31,1,0,1,0,0,13,15,0,0,0,0,0,0,16,0,22,0,0,1,0,0,0,0,0,8,0,0,0,2,0,0,0,0,0,0,0,9,0,0
33003070,France,Western Mediterranean,MED18,42.44,3.18,POINT (3.18 42.44),2011-07-17T14:00:00Z,7.5,0,0,0,0,0,98,0,8,0,0,0,0,0,0,8,0,0,0,0,0,0,0,0,0,0,0,0,0,0,0,0,0,1,0,0,0,0,0,0,0,0,0,0,0,0,0,0
33003925,France,Western Mediterranean,MED18,42.44,3.18,POINT (3.18 42.44),2011-07-17T14:00:00Z,6.0,0,0,0,0,0,115,0,11,0,0,0,0,0,1,4,0,0,0,0,0,0,0,0,0,0,0,0,0,0,0,0,0,8,0,0,0,0,0,0,0,0,0,0,0,0,0,0
34003018,Spain,Western Mediterranean,MED19,42.43,3.16,POINT (3.16 42.43),2011-07-19T14:00:00Z,5.5,0,0,0,0,0,4,0,88,0,0,1,0,0,0,14,0,0,3,0,0,0,5,0,0,1,3,0,0,0,0,0,0,7,0,0,0,2,0,0,0,0,0,0,0,2,0,0
34003926,Spain,Western Mediterranean,MED19,42.43,3.16,POINT (3.16 42.43),2011-07-19T14:00:00Z,5.0,0,0,0,0,0,21,0,50,0,0,0,0,0,7,14,0,0,9,0,1,0,21,0,15,0,0,0,0,0,0,0,0,11,0,0,0,2,0,0,0,0,1,0,0,36,0,1
33003071,France,Western Mediterranean,MED20,42.45,3.17,POINT (3.17 42.45),2011-07-20T14:00:00Z,9.0,0,0,0,0,0,223,0,75,1,0,0,0,0,1,14,0,0,0,0,0,0,0,0,0,0,0,0,0,0,0,0,0,11,0,0,0,2,0,0,12,5,0,0,0,9,0,0
33003927,France,Western Mediterranean,MED20,42.45,3.17,POINT (3.17 42.45),2011-07-20T14:00:00Z,7.5,0,0,0,0,0,12,0,102,0,0,0,0,0,2,7,0,0,0,0,0,0,1,0,0,0,0,0,0,0,0,0,0,10,0,0,0,0,0,0,0,0,0,0,0,0,0,0
33003072,France,Western Mediterranean,MED21,42.48,3.15,POINT (3.15 42.48),2011-07-20T14:00:00Z,8.0,0,0,0,0,0,71,0,67,2,0,0,0,0,31,52,0,1,0,0,1,0,26,0,10,0,1,0,0,0,38,0,0,9,0,0,0,0,0,0,0,3,4,0,0,5,0,0
33003928,France,Western Mediterranean,MED21,42.48,3.15,POINT (3.15 42.48),2011-07-20T14:00:00Z,7.5,0,0,0,0,0,91,0,79,1,0,0,0,0,17,27,0,0,0,0,1,0,5,0,2,0,0,0,0,0,18,0,0,13,1,0,0,0,0,0,1,7,0,0,0,6,0,1
33003073,France,Western Mediterranean,MED22,42.46,3.17,POINT (3.17 42.46),2011-07-21T14:00:00Z,7.0,0,0,0,0,0,705,0,65,0,0,0,0,0,6,48,0,0,0,0,0,0,0,0,35,0,0,0,0,0,0,0,0,9,2,0,0,2,0,0,2,3,0,0,0,5,0,0
34003022,Spain,Western Mediterranean,MED28,39.71,3.47,POINT (3.4699999999999998 39.71),2011-08-22T14:00:00Z,5.0,2,0,0,0,0,350,0,54,0,0,10,0,0,2,22,0,0,0,0,1,0,3,0,2,0,0,0,0,0,8,0,0,4,14,0,0,0,0,0,0,0,0,10,2,19,12,0
33003063,France,Western Mediterranean,MED11,42.51,3.13,POINT (3.13 42.51),2011-07-12T14:00:00Z,5.8,0,0,0,0,0,105,0,115,0,0,3,0,0,0,16,0,0,1,0,0,0,8,0,0,0,0,0,0,0,0,0,0,9,1,0,0,0,0,0,4,1,2,2,1,5,0,1
33003918,France,Western Mediterranean,MED11,42.51,3.13,POINT (3.13 42.51),2011-07-12T14:00:00Z,5.5,0,0,0,0,0,59,0,49,0,0,1,0,0,0,3,0,0,0,0,0,0,5,0,0,0,0,0,0,0,0,0,0,6,2,0,0,0,0,0,0,1,4,0,0,9,0,2
33003064,France,Western Mediterranean,MED12,42.51,3.12,POINT (3.12 42.51),2011-07-13T14:00:00Z,4.0,0,0,0,0,0,2,0,40,0,0,7,0,0,3,17,0,0,1,0,1,0,13,0,2,0,2,0,0,0,0,0,0,8,0,0,0,0,0,0,2,0,0,0,0,6,0,0
33003919,France,Western Mediterranean,MED12,42.51,3.12,POINT (3.12 42.51),2011-07-13T14:00:00Z,3.9,0,0,0,0,0,0,0,52,0,0,3,0,0,0,8,0,0,1,1,1,0,11,0,2,0,0,1,0,0,0,0,0,10,0,0,0,0,1,0,1,0,0,0,0,9,0,0
33003065,France,Western Mediterranean,MED13,42.46,3.16,POINT (3.16 42.46),2011-07-14T14:00:00Z,6.0,0,0,0,0,0,449,0,82,0,0,0,0,1,22,49,0,0,0,0,2,0,2,0,24,0,0,0,0,0,4,0,0,4,0,0,0,1,0,0,0,1,0,0,0,17,0,0
33003929,France,Western Mediterranean,MED22,42.46,3.17,POINT (3.17 42.46),2011-07-21T14:00:00Z,6.8,0,0,0,0,3,58,0,84,0,0,0,0,0,15,56,0,0,0,2,0,0,0,1,24,0,0,0,0,0,0,0,0,4,0,0,0,1,0,0,0,0,0,0,0,3,0,0
34003019,Spain,Western Mediterranean,MED25,39.46,2.47,POINT (2.4699999999999998 39.46),2011-08-18T14:00:00Z,9.0,12,0,0,0,0,5500,0,115,0,0,0,0,2,12,11,1,1,0,0,0,0,0,0,0,0,0,0,0,0,2,1,0,0,18,0,0,0,0,0,6,0,0,15,0,154,74,0
34003930,Spain,Western Mediterranean,MED25,39.46,2.47,POINT (2.4699999999999998 39.46),2011-08-18T14:00:00Z,8.0,2,0,0,0,0,2980,0,91,0,0,0,0,2,12,24,0,0,0,0,2,0,0,0,1,0,0,0,0,0,10,15,0,0,17,0,0,0,0,0,1,0,0,7,0,124,61,4
34003020,Spain,Western Mediterranean,MED26,39.48,2.54,POINT (2.54 39.48),2011-08-18T14:00:00Z,6.0,25,0,0,0,0,630,0,50,0,0,38,0,0,14,2,0,0,0,0,0,0,4,0,0,0,0,0,0,0,33,0,0,0,4,0,0,0,0,0,1,2,0,0,0,51,42,0
34003931,Spain,Western Mediterranean,MED26,39.48,2.54,POINT (2.54 39.48),2011-08-18T14:00:00Z,5.0,0,0,0,0,0,230,0,68,0,0,26,0,0,14,10,0,0,0,0,0,0,1,0,2,0,0,0,0,0,15,0,0,0,6,0,0,0,0,0,1,2,0,3,0,33,26,0
34003021,Spain,Western Mediterranean,MED27,39.87,3.15,POINT (3.15 39.87),2011-08-22T14:00:00Z,4.5,0,0,0,0,0,93,0,48,0,0,4,0,0,5,1,0,0,0,0,0,0,0,0,0,0,0,0,0,0,0,0,0,0,4,0,0,0,0,0,2,0,0,1,0,19,0,0
33003062,France,Western Mediterranean,MED10,42.49,3.13,POINT (3.13 42.49),2011-07-12T14:00:00Z,11.5,0,0,30,0,0,34,0,50,0,0,0,0,0,0,7,0,0,0,0,0,0,2,0,0,0,0,0,0,0,0,0,0,5,0,0,0,0,0,0,2,0,0,0,0,7,0,1
33003917,France,Western Mediterranean,MED10,42.49,3.13,POINT (3.13 42.49),2011-07-12T14:00:00Z,10.0,0,0,0,0,0,139,0,42,3,0,0,0,0,0,6,0,0,0,0,0,0,2,0,0,0,0,0,0,0,0,0,0,9,0,0,0,0,0,0,1,1,2,0,0,19,0,0
