mean_fit_time,std_fit_time,mean_score_time,std_score_time,param_bootstrap,param_max_features,param_max_samples,param_min_samples_split,param_n_estimators,params,split0_test_score,split1_test_score,split2_test_score,split3_test_score,split4_test_score,mean_test_score,std_test_score,rank_test_score
1.0451745986938477,0.084597087247502,0.03797612190246582,0.018432363429093174,True,1,0.5,2,50,"{'bootstrap': True, 'max_features': 1, 'max_samples': 0.5, 'min_samples_split': 2, 'n_estimators': 50}",-0.46999397872217963,-0.4374241112764994,-0.45628815153513413,-0.44292238755368823,-0.458789203252837,-0.45308356646806763,0.011638331435412572,216
2.19985408782959,0.1137596482540602,0.05155510902404785,0.02782192339939945,True,1,0.5,2,100,"{'bootstrap': True, 'max_features': 1, 'max_samples': 0.5, 'min_samples_split': 2, 'n_estimators': 100}",-0.46919704797288925,-0.43423852427731385,-0.4541776422531036,-0.44114363092398823,-0.4558795416708522,-0.4509272774196294,0.012191050233923282,215
5.044707107543945,0.37402722545360667,0.06897983551025391,0.012902953173280222,True,1,0.5,2,200,"{'bootstrap': True, 'max_features': 1, 'max_samples': 0.5, 'min_samples_split': 2, 'n_estimators': 200}",-0.466625054074311,-0.43356541572828977,-0.45471545877717817,-0.4410085688285808,-0.45423704831863804,-0.45003030914539954,0.011554370206812176,213
7.777791357040405,0.43045222491225055,0.12380757331848144,0.016481827053783718,True,1,0.5,2,300,"{'bootstrap': True, 'max_features': 1, 'max_samples': 0.5, 'min_samples_split': 2, 'n_estimators': 300}",-0.4650407617404698,-0.4346521740072454,-0.4539518166785351,-0.44253873090030343,-0.454212306317525,-0.45007915792881575,0.010495521546835865,214
10.817455577850343,0.5335484122312355,0.15214262008666993,0.024947536044800902,True,1,0.5,2,400,"{'bootstrap': True, 'max_features': 1, 'max_samples': 0.5, 'min_samples_split': 2, 'n_estimators': 400}",-0.464822135438384,-0.43437311355768754,-0.4537187729086191,-0.44208851163082385,-0.45431319632098477,-0.4498631459712999,0.010571908213503525,212
13.31003541946411,0.5809774898778564,0.15244345664978026,0.01787777163600297,True,1,0.5,2,500,"{'bootstrap': True, 'max_features': 1, 'max_samples': 0.5, 'min_samples_split': 2, 'n_estimators': 500}",-0.4645298749863608,-0.4339108321160325,-0.4531326543540736,-0.44185721784345233,-0.4543394664763231,-0.44955400915524846,0.010620107767814536,211
1.079629945755005,0.06977115644468317,0.05079030990600586,0.010037632489209785,True,1,0.5,5,50,"{'bootstrap': True, 'max_features': 1, 'max_samples': 0.5, 'min_samples_split': 5, 'n_estimators': 50}",-0.45430253087846534,-0.42736923596049076,-0.44102706281881826,-0.43640068154084083,-0.4400023561219229,-0.43982037346410763,0.008694218978663744,190
2.1551723957061766,0.17392554678402386,0.06709485054016114,0.02977656128251811,True,1,0.5,5,100,"{'bootstrap': True, 'max_features': 1, 'max_samples': 0.5, 'min_samples_split': 5, 'n_estimators': 100}",-0.4532843877882947,-0.4226863345291859,-0.4421356484700502,-0.4302381419026244,-0.4424901002021337,-0.4381669225784578,0.010634778546785132,182
4.3091497898101805,0.2619790599397115,0.09124484062194824,0.017677653201996876,True,1,0.5,5,200,"{'bootstrap': True, 'max_features': 1, 'max_samples': 0.5, 'min_samples_split': 5, 'n_estimators': 200}",-0.4534747637920216,-0.42420249332984733,-0.4396941371067378,-0.4312205099145971,-0.4427099395847124,-0.4382603687455832,0.010005155296741083,183
6.303388977050782,0.20095144540111215,0.11999650001525879,0.04388070442558533,True,1,0.5,5,300,"{'bootstrap': True, 'max_features': 1, 'max_samples': 0.5, 'min_samples_split': 5, 'n_estimators': 300}",-0.455890659215458,-0.42505795091084636,-0.4423111968932624,-0.4319354260762776,-0.4434714564200221,-0.43973333790317326,0.010562692187523025,189
8.218931198120117,0.1611558453336429,0.21023330688476563,0.12338653160623406,True,1,0.5,5,400,"{'bootstrap': True, 'max_features': 1, 'max_samples': 0.5, 'min_samples_split': 5, 'n_estimators': 400}",-0.4552440737527418,-0.4253438018767334,-0.44197231697026906,-0.43188140519406,-0.4433542904101777,-0.43955917764079644,0.010269052402784432,188
10.355668783187866,0.584753718403455,0.20988121032714843,0.07992362060000717,True,1,0.5,5,500,"{'bootstrap': True, 'max_features': 1, 'max_samples': 0.5, 'min_samples_split': 5, 'n_estimators': 500}",-0.45496955991739646,-0.42535191256247296,-0.442941264821242,-0.43245565093109395,-0.4436076263063775,-0.4398652029077166,0.010170020133767351,191
0.883229923248291,0.10858710354315756,0.0966984748840332,0.07264612547755661,True,1,0.5,10,50,"{'bootstrap': True, 'max_features': 1, 'max_samples': 0.5, 'min_samples_split': 10, 'n_estimators': 50}",-0.43684543956475397,-0.41678101054367955,-0.43302387276474164,-0.4238981951002893,-0.4258709545614632,-0.42728389450698556,0.007044720372024351,120
1.6375584602355957,0.1615728532165231,0.06368207931518555,0.017774904191559183,True,1,0.5,10,100,"{'bootstrap': True, 'max_features': 1, 'max_samples': 0.5, 'min_samples_split': 10, 'n_estimators': 100}",-0.43666277013203825,-0.4153240916434493,-0.4337375690476425,-0.41836284409828,-0.42916045840057554,-0.42664954666439714,0.008411239553311854,118
3.5082765579223634,0.28808730633638113,0.29305644035339357,0.12757038150397015,True,1,0.5,10,200,"{'bootstrap': True, 'max_features': 1, 'max_samples': 0.5, 'min_samples_split': 10, 'n_estimators': 200}",-0.4350231074595854,-0.4170242064475766,-0.42930170522734584,-0.41947681491964967,-0.42680904600355707,-0.42552697601154293,0.006556986138331109,107
4.998693895339966,0.2833759372588814,0.231361722946167,0.19418263136625766,True,1,0.5,10,300,"{'bootstrap': True, 'max_features': 1, 'max_samples': 0.5, 'min_samples_split': 10, 'n_estimators': 300}",-0.4346099314205873,-0.4175995791248644,-0.42847340980734944,-0.42070861412026,-0.4268538206792688,-0.425649071030466,0.005982102717173796,109
6.675099611282349,0.19657925111270946,0.17999610900878907,0.07906135042599113,True,1,0.5,10,400,"{'bootstrap': True, 'max_features': 1, 'max_samples': 0.5, 'min_samples_split': 10, 'n_estimators': 400}",-0.4353660197017442,-0.41760764600492245,-0.4283110419222452,-0.42175766182699337,-0.42681022772919325,-0.4259705194370197,0.006035634217343927,111
8.266181039810181,0.5661684530795706,0.26590805053710936,0.09911109094513566,True,1,0.5,10,500,"{'bootstrap': True, 'max_features': 1, 'max_samples': 0.5, 'min_samples_split': 10, 'n_estimators': 500}",-0.43501406156154504,-0.41778639825579716,-0.4276734939205141,-0.42226226298988095,-0.42645403158424333,-0.42583804966239613,0.005754351821478203,110
1.639077091217041,0.06825828827119985,0.11423888206481933,0.0704540309537334,True,1,0.75,2,50,"{'bootstrap': True, 'max_features': 1, 'max_samples': 0.75, 'min_samples_split': 2, 'n_estimators': 50}",-0.4547773407813489,-0.42833881477610763,-0.44479196314803604,-0.4363649471750861,-0.444216079021979,-0.4416978289805115,0.008875717067711657,197
3.2131402015686037,0.20630828792304715,0.14897427558898926,0.10718892861155183,True,1,0.75,2,100,"{'bootstrap': True, 'max_features': 1, 'max_samples': 0.75, 'min_samples_split': 2, 'n_estimators': 100}",-0.45500338402987156,-0.425285868353763,-0.44573231696340404,-0.4359724998816884,-0.4452483712569129,-0.441448488097128,0.010077124881982072,193
6.548394298553466,0.2766755945806483,0.07618684768676758,0.02723371954220296,True,1,0.75,2,200,"{'bootstrap': True, 'max_features': 1, 'max_samples': 0.75, 'min_samples_split': 2, 'n_estimators': 200}",-0.45787949996692706,-0.42449122306173004,-0.44484238077153354,-0.43501802309309917,-0.44525000171998685,-0.4414962257226553,0.011178877292643993,194
10.154652309417724,0.709279855752029,0.1565876007080078,0.10422144609886949,True,1,0.75,2,300,"{'bootstrap': True, 'max_features': 1, 'max_samples': 0.75, 'min_samples_split': 2, 'n_estimators': 300}",-0.45725880071220176,-0.42442323209103616,-0.4453711794645664,-0.4349501829716185,-0.4459423723020904,-0.4415891535083027,0.011113387112719784,196
13.209854221343994,0.9267443031319068,0.23280701637268067,0.11820807027929808,True,1,0.75,2,400,"{'bootstrap': True, 'max_features': 1, 'max_samples': 0.75, 'min_samples_split': 2, 'n_estimators': 400}",-0.4591858498380792,-0.42442587641267904,-0.4469108094836916,-0.4355246021890474,-0.44688235685788724,-0.4425858989562769,0.011767506971891448,205
16.028598165512086,0.8571284133351699,0.25481691360473635,0.11628212358917833,True,1,0.75,2,500,"{'bootstrap': True, 'max_features': 1, 'max_samples': 0.75, 'min_samples_split': 2, 'n_estimators': 500}",-0.45977713264305137,-0.4238940118111783,-0.44788955115299384,-0.4344896683481369,-0.44733627470712534,-0.4426773277324972,0.012337966696915321,207
1.598388147354126,0.22287699061877603,0.11201262474060059,0.05914326084955273,True,1,0.75,5,50,"{'bootstrap': True, 'max_features': 1, 'max_samples': 0.75, 'min_samples_split': 5, 'n_estimators': 50}",-0.45058568491189827,-0.42242244756541886,-0.44283257694041167,-0.42856500940212716,-0.44811685384285754,-0.4385045145325427,0.011086122037310103,185
2.668832302093506,0.30370009432032535,0.044556617736816406,0.012391327487276173,True,1,0.75,5,100,"{'bootstrap': True, 'max_features': 1, 'max_samples': 0.75, 'min_samples_split': 5, 'n_estimators': 100}",-0.4482498729547876,-0.41689828940146195,-0.437907972322986,-0.4284487399859384,-0.4433519902498584,-0.4349713729830064,0.011174596317698019,165
5.532035303115845,0.29319901626579814,0.2143247127532959,0.15062205218312774,True,1,0.75,5,200,"{'bootstrap': True, 'max_features': 1, 'max_samples': 0.75, 'min_samples_split': 5, 'n_estimators': 200}",-0.4486998317498024,-0.41963552381282715,-0.4380388867916934,-0.42945813018701506,-0.44228941539334804,-0.4356243575869372,0.01014776957987169,170
8.25650577545166,0.25485184400193556,0.2767057418823242,0.14484682180019723,True,1,0.75,5,300,"{'bootstrap': True, 'max_features': 1, 'max_samples': 0.75, 'min_samples_split': 5, 'n_estimators': 300}",-0.4481555322456235,-0.4206583847913114,-0.4394112249234229,-0.42939728775354163,-0.4416256739864682,-0.43584962074007355,0.009694220175615107,173
10.827338695526123,0.8150675463525693,0.16257619857788086,0.09041059020040525,True,1,0.75,5,400,"{'bootstrap': True, 'max_features': 1, 'max_samples': 0.75, 'min_samples_split': 5, 'n_estimators': 400}",-0.4488664050961158,-0.42097607216267485,-0.4398934846304757,-0.4287070188981462,-0.4417621598631821,-0.4360410281301189,0.009927775716945026,174
13.843052625656128,0.6755231295510286,0.3190155029296875,0.24024191101994438,True,1,0.75,5,500,"{'bootstrap': True, 'max_features': 1, 'max_samples': 0.75, 'min_samples_split': 5, 'n_estimators': 500}",-0.44920647588096385,-0.42079486524650545,-0.44104735727074984,-0.4286154110164821,-0.4414194333088622,-0.43621670854471273,0.010146433288234252,176
1.2601189613342285,0.14306396391611909,0.09644784927368164,0.058316407384397424,True,1,0.75,10,50,"{'bootstrap': True, 'max_features': 1, 'max_samples': 0.75, 'min_samples_split': 10, 'n_estimators': 50}",-0.4336335387080058,-0.4153633587412587,-0.4244327606282032,-0.4195704378322063,-0.4266654089657088,-0.4239331009750765,0.00623356993363054,93
2.5562982082366945,0.2867439858436865,0.14020185470581054,0.0776315991152668,True,1,0.75,10,100,"{'bootstrap': True, 'max_features': 1, 'max_samples': 0.75, 'min_samples_split': 10, 'n_estimators': 100}",-0.43581326948981153,-0.4128779213286835,-0.42211611777249053,-0.41711989985636283,-0.4266468722947139,-0.4229148161484124,0.007940485794071537,79
4.63579306602478,0.21133531265788705,0.17871451377868652,0.05052187372301154,True,1,0.75,10,200,"{'bootstrap': True, 'max_features': 1, 'max_samples': 0.75, 'min_samples_split': 10, 'n_estimators': 200}",-0.4352957544009345,-0.41193591437507854,-0.4221937962842543,-0.4188339815236394,-0.4251485455867444,-0.4226815984341302,0.007690443312747726,77
7.105271816253662,0.3807050884778162,0.17195487022399902,0.07836274401105828,True,1,0.75,10,300,"{'bootstrap': True, 'max_features': 1, 'max_samples': 0.75, 'min_samples_split': 10, 'n_estimators': 300}",-0.4331443758883865,-0.4125639876043073,-0.4236575761341322,-0.418626371188029,-0.4251664871700107,-0.42263175959697313,0.006861419881201362,75
9.145249080657958,0.4093870719709596,0.20530662536621094,0.07405796379234168,True,1,0.75,10,400,"{'bootstrap': True, 'max_features': 1, 'max_samples': 0.75, 'min_samples_split': 10, 'n_estimators': 400}",-0.4331260987747559,-0.4123519293064148,-0.42351529032838126,-0.4183559431525301,-0.4249549242996676,-0.4224608371723499,0.006929939686037517,73
12.069588565826416,0.5091256300686469,0.3019524097442627,0.15194594837427033,True,1,0.75,10,500,"{'bootstrap': True, 'max_features': 1, 'max_samples': 0.75, 'min_samples_split': 10, 'n_estimators': 500}",-0.433164412648126,-0.4119951844259889,-0.42380750177417004,-0.4184494615944005,-0.42483910213275367,-0.4224511325150878,0.00703785092581868,72
2.0833460807800295,0.287803841106556,0.07605948448181152,0.041689435900998065,True,1,1.0,2,50,"{'bootstrap': True, 'max_features': 1, 'max_samples': 1.0, 'min_samples_split': 2, 'n_estimators': 50}",-0.4539497134634392,-0.4231114319098432,-0.4431546569744466,-0.4319328580563374,-0.44731089837897,-0.43989191175660736,0.011029412471925893,192
3.9025338649749757,0.2077627242580618,0.10833725929260254,0.05184051496326559,True,1,1.0,2,100,"{'bootstrap': True, 'max_features': 1, 'max_samples': 1.0, 'min_samples_split': 2, 'n_estimators': 100}",-0.4557847178751628,-0.4216841833649424,-0.4400424265651216,-0.4306652530687167,-0.44233208307649524,-0.4381017327900877,0.01148204926976541,180
8.42746958732605,0.2376372486048232,0.13663549423217775,0.058379472846788016,True,1,1.0,2,200,"{'bootstrap': True, 'max_features': 1, 'max_samples': 1.0, 'min_samples_split': 2, 'n_estimators': 200}",-0.4562305201512216,-0.42072901488557124,-0.4396054942327721,-0.43046568877728825,-0.4437695840923184,-0.43816006042783434,0.012026156934237999,181
12.13328766822815,0.40902295155958807,0.18711366653442382,0.06180619705589424,True,1,1.0,2,300,"{'bootstrap': True, 'max_features': 1, 'max_samples': 1.0, 'min_samples_split': 2, 'n_estimators': 300}",-0.4554960060861403,-0.42138645614755904,-0.44065599718676984,-0.4294744763577055,-0.44458904568972046,-0.43832039629357905,0.011872330831906744,184
15.233747529983521,0.800457330788915,0.29000287055969237,0.07614130379102416,True,1,1.0,2,400,"{'bootstrap': True, 'max_features': 1, 'max_samples': 1.0, 'min_samples_split': 2, 'n_estimators': 400}",-0.4571691593043108,-0.4208900278912247,-0.4416350074201202,-0.42956401929042365,-0.4452643817691461,-0.438904519135045,0.012595771763837065,187
18.041395378112792,0.5840958001322822,0.20693860054016114,0.10821087493077376,True,1,1.0,2,500,"{'bootstrap': True, 'max_features': 1, 'max_samples': 1.0, 'min_samples_split': 2, 'n_estimators': 500}",-0.456685828441738,-0.4206552856812736,-0.4426189797415248,-0.42889136138746603,-0.44511250289881915,-0.43879279163016427,0.012662911791685806,186
1.6768216609954834,0.06628332240782758,0.1146500587463379,0.07751967024854126,True,1,1.0,5,50,"{'bootstrap': True, 'max_features': 1, 'max_samples': 1.0, 'min_samples_split': 5, 'n_estimators': 50}",-0.4532483973939627,-0.417608285045917,-0.43595757441941907,-0.4290036950729831,-0.44001320151858603,-0.4351662306901735,0.011809677423983499,166
3.2200879573822023,0.22551840928370273,0.18431477546691893,0.09266733929659918,True,1,1.0,5,100,"{'bootstrap': True, 'max_features': 1, 'max_samples': 1.0, 'min_samples_split': 5, 'n_estimators': 100}",-0.45108279388296346,-0.4173417097372868,-0.43620520496104226,-0.4237701024748721,-0.4392634907501312,-0.4335326603612592,0.011878101841678807,150
6.4125738620758055,0.4995567980741937,0.24742188453674316,0.09561590420134854,True,1,1.0,5,200,"{'bootstrap': True, 'max_features': 1, 'max_samples': 1.0, 'min_samples_split': 5, 'n_estimators': 200}",-0.4491363237717641,-0.41686184710698526,-0.4358810579428639,-0.4258405952609169,-0.43694956718372313,-0.43293387825325064,0.010917469626845231,143
9.641790962219238,0.5425563240896915,0.20912470817565917,0.09835307300992897,True,1,1.0,5,300,"{'bootstrap': True, 'max_features': 1, 'max_samples': 1.0, 'min_samples_split': 5, 'n_estimators': 300}",-0.44950048667510056,-0.41617415030406385,-0.4361958492948609,-0.42611245005052995,-0.4387916184010418,-0.43335491094511935,0.011366090887686689,148
12.724608278274536,0.6872950370212999,0.1958181381225586,0.09057852197771052,True,1,1.0,5,400,"{'bootstrap': True, 'max_features': 1, 'max_samples': 1.0, 'min_samples_split': 5, 'n_estimators': 400}",-0.4481717309052616,-0.4166377271434339,-0.43592371775745203,-0.4254938071604236,-0.4388799687604386,-0.433021390345402,0.010930399746156491,145
16.802797937393187,0.8147915329090487,0.295925235748291,0.07166648240681445,True,1,1.0,5,500,"{'bootstrap': True, 'max_features': 1, 'max_samples': 1.0, 'min_samples_split': 5, 'n_estimators': 500}",-0.44882227874782044,-0.4163681745193411,-0.43620898883172415,-0.42510168946610877,-0.4381813781450846,-0.43293650194201583,0.011193476329275495,144
1.4443400382995606,0.1301763757165231,0.06159787178039551,0.04177048412944006,True,1,1.0,10,50,"{'bootstrap': True, 'max_features': 1, 'max_samples': 1.0, 'min_samples_split': 10, 'n_estimators': 50}",-0.43040359200983375,-0.4119357065368236,-0.42119728109421817,-0.413668298052345,-0.4253054822718864,-0.42050207199302136,0.006952398838476331,71
2.8967068672180174,0.10334793370956182,0.1466970920562744,0.07283198512328533,True,1,1.0,10,100,"{'bootstrap': True, 'max_features': 1, 'max_samples': 1.0, 'min_samples_split': 10, 'n_estimators': 100}",-0.4295947234476341,-0.4090558509061388,-0.4218036827440576,-0.411973152349235,-0.42399489266311013,-0.4192844604220351,0.0076539643979658895,63
5.6626701831817625,0.481371764452428,0.1519803524017334,0.0732662935263678,True,1,1.0,10,200,"{'bootstrap': True, 'max_features': 1, 'max_samples': 1.0, 'min_samples_split': 10, 'n_estimators': 200}",-0.4314035874893563,-0.4087807747678834,-0.4212249113706787,-0.4129141053975475,-0.42420454765103965,-0.4197055853353011,0.008060619747827872,68
8.337977075576783,0.46420013766861534,0.34264650344848635,0.07795415506948654,True,1,1.0,10,300,"{'bootstrap': True, 'max_features': 1, 'max_samples': 1.0, 'min_samples_split': 10, 'n_estimators': 300}",-0.43151174388911434,-0.4088530276096684,-0.4212010096073178,-0.413286212879784,-0.42433301465014855,-0.4198370017272066,0.0080241482561772,69
11.075373077392578,0.4989541241745953,0.3457625865936279,0.1353175866862325,True,1,1.0,10,400,"{'bootstrap': True, 'max_features': 1, 'max_samples': 1.0, 'min_samples_split': 10, 'n_estimators': 400}",-0.4303294417450209,-0.40893309503794645,-0.42143199307281104,-0.4133537988109478,-0.42313618383207235,-0.4194369024997597,0.007531886903870923,66
14.954051160812378,0.7288698465367389,0.5779813289642334,0.36517633427730356,True,1,1.0,10,500,"{'bootstrap': True, 'max_features': 1, 'max_samples': 1.0, 'min_samples_split': 10, 'n_estimators': 500}",-0.43093794875809205,-0.4088606057545876,-0.4217713889718315,-0.4132580202021586,-0.42322115523108456,-0.4196098237835509,0.007770863417880051,67
3.868539333343506,0.4324068023038699,0.2514072895050049,0.06393653200367692,True,sqrt,0.5,2,50,"{'bootstrap': True, 'max_features': 'sqrt', 'max_samples': 0.5, 'min_samples_split': 2, 'n_estimators': 50}",-0.45155189546000346,-0.43272155289461284,-0.4461319045557355,-0.44040264302561904,-0.442427589595121,-0.4426471171062184,0.006245662530807549,206
8.237951374053955,0.6502013296592749,0.389333438873291,0.19506996840326785,True,sqrt,0.5,2,100,"{'bootstrap': True, 'max_features': 'sqrt', 'max_samples': 0.5, 'min_samples_split': 2, 'n_estimators': 100}",-0.45327180509053405,-0.4294752329625652,-0.44396099757840146,-0.4353917769296221,-0.4454021168869259,-0.44150038588960977,0.008267573174846114,195
14.397601222991943,0.6820303430129286,0.4962462902069092,0.16330256794314404,True,sqrt,0.5,2,200,"{'bootstrap': True, 'max_features': 'sqrt', 'max_samples': 0.5, 'min_samples_split': 2, 'n_estimators': 200}",-0.4553224663734751,-0.4300342863133413,-0.4473594442154685,-0.43638745918201016,-0.44690651947890075,-0.44320203511263917,0.008918970370760667,210
24.097916746139525,1.321225952621967,0.7922141075134277,0.24132953006027372,True,sqrt,0.5,2,300,"{'bootstrap': True, 'max_features': 'sqrt', 'max_samples': 0.5, 'min_samples_split': 2, 'n_estimators': 300}",-0.4564620959178859,-0.42930102568347495,-0.44504615816222454,-0.4359269788508816,-0.4471255334954368,-0.4427723584219808,0.0093793948462536,208
32.44595537185669,1.0381949347407535,0.7955931663513184,0.1883021731490745,True,sqrt,0.5,2,400,"{'bootstrap': True, 'max_features': 'sqrt', 'max_samples': 0.5, 'min_samples_split': 2, 'n_estimators': 400}",-0.455078971244867,-0.4290878484110537,-0.4444186781025789,-0.43678924201470337,-0.44747138223710087,-0.4425692244020608,0.008934216154875257,204
41.39396696090698,1.5781962811356913,0.7223610401153564,0.21780843089615834,True,sqrt,0.5,2,500,"{'bootstrap': True, 'max_features': 'sqrt', 'max_samples': 0.5, 'min_samples_split': 2, 'n_estimators': 500}",-0.4556165939570126,-0.42882594507389205,-0.4445539971852126,-0.43644683218975583,-0.4470225944194647,-0.4424931925650676,0.009168840588736564,203
4.730651426315307,0.3573776980133266,0.5250075340270997,0.1265524056108746,True,sqrt,0.5,5,50,"{'bootstrap': True, 'max_features': 'sqrt', 'max_samples': 0.5, 'min_samples_split': 5, 'n_estimators': 50}",-0.43950190557585495,-0.4244911270547471,-0.4346845281203138,-0.4285449129888912,-0.43128563515251883,-0.43170162177846516,0.005135586567860924,133
8.047154808044434,0.23920831230852183,0.5582483768463135,0.3376293633293308,True,sqrt,0.5,5,100,"{'bootstrap': True, 'max_features': 'sqrt', 'max_samples': 0.5, 'min_samples_split': 5, 'n_estimators': 100}",-0.44402600079564397,-0.42055140401073715,-0.4362696766883827,-0.4259835189018945,-0.43302812798087525,-0.4319717456755067,0.00813850458868421,137
15.721248388290405,1.4138526819342352,0.5972391128540039,0.3428481276783928,True,sqrt,0.5,5,200,"{'bootstrap': True, 'max_features': 'sqrt', 'max_samples': 0.5, 'min_samples_split': 5, 'n_estimators': 200}",-0.44627191780051945,-0.42107321664863634,-0.4354943837257656,-0.42767444054127834,-0.4360261625479561,-0.4333080242528312,0.008504807605100136,146
21.99164524078369,0.7818089248708819,0.8305245876312256,0.17333059953599303,True,sqrt,0.5,5,300,"{'bootstrap': True, 'max_features': 'sqrt', 'max_samples': 0.5, 'min_samples_split': 5, 'n_estimators': 300}",-0.4462112792238656,-0.42191873414236764,-0.43522997783830225,-0.42876341173326143,-0.43612305900344117,-0.4336492923882476,0.008098140867525723,152
31.07283501625061,1.7709924382936275,0.9531403064727784,0.13079113916259894,True,sqrt,0.5,5,400,"{'bootstrap': True, 'max_features': 'sqrt', 'max_samples': 0.5, 'min_samples_split': 5, 'n_estimators': 400}",-0.44616588273915275,-0.42192806168395736,-0.43482397440041587,-0.4288114170987545,-0.43663217348967054,-0.43367230188239014,0.008096074738576601,153
35.84507727622986,2.684000835261374,0.7680042266845704,0.20079257631697203,True,sqrt,0.5,5,500,"{'bootstrap': True, 'max_features': 'sqrt', 'max_samples': 0.5, 'min_samples_split': 5, 'n_estimators': 500}",-0.4463770840845119,-0.4216949930230819,-0.4353557128881811,-0.4285136624922516,-0.4367324697673289,-0.43373478445107105,0.008290451838272579,154
3.8112857341766357,0.7136570960525334,0.7500478744506835,0.21916718774136584,True,sqrt,0.5,10,50,"{'bootstrap': True, 'max_features': 'sqrt', 'max_samples': 0.5, 'min_samples_split': 10, 'n_estimators': 50}",-0.43307542838496194,-0.41772615720110573,-0.42350312220944647,-0.4210795849912738,-0.42832400526429193,-0.424741659610216,0.005411967143955047,100
7.425407218933105,0.43320628524769045,0.8680334091186523,0.2860299676037864,True,sqrt,0.5,10,100,"{'bootstrap': True, 'max_features': 'sqrt', 'max_samples': 0.5, 'min_samples_split': 10, 'n_estimators': 100}",-0.43065400579141677,-0.4113763960527162,-0.41963813680756423,-0.4150027879893554,-0.4245325683627238,-0.4202407790007553,0.00682981347650523,70
13.467909622192384,1.3688722234691109,0.6841288089752198,0.08530224775716697,True,sqrt,0.5,10,200,"{'bootstrap': True, 'max_features': 'sqrt', 'max_samples': 0.5, 'min_samples_split': 10, 'n_estimators': 200}",-0.42967598643183474,-0.4113583596833918,-0.4178426209929851,-0.4166491820150235,-0.42138964684707775,-0.41938315919406255,0.006069820122528749,64
21.418533039093017,0.42768482680876724,0.8994126319885254,0.18535264832444762,True,sqrt,0.5,10,300,"{'bootstrap': True, 'max_features': 'sqrt', 'max_samples': 0.5, 'min_samples_split': 10, 'n_estimators': 300}",-0.42845166602159235,-0.41169394730056524,-0.41814412320196914,-0.41768604984079283,-0.42104460759560347,-0.4194040787921046,0.005450420325328774,65
26.607313776016234,1.7113138986893062,0.8659826278686523,0.15596140361720204,True,sqrt,0.5,10,400,"{'bootstrap': True, 'max_features': 'sqrt', 'max_samples': 0.5, 'min_samples_split': 10, 'n_estimators': 400}",-0.42823640231276167,-0.41075665326898975,-0.418569785721756,-0.41747510496116663,-0.42098443579295974,-0.4192044764115268,0.005648065414237614,62
32.8909526348114,1.3556182167074096,0.6885620594024658,0.3594084351471734,True,sqrt,0.5,10,500,"{'bootstrap': True, 'max_features': 'sqrt', 'max_samples': 0.5, 'min_samples_split': 10, 'n_estimators': 500}",-0.4281128228128225,-0.41083426760382585,-0.4184447191130622,-0.41704444077342057,-0.4214141451911887,-0.419170079098864,0.005648694299405338,61
6.988457155227661,0.9877042899352166,0.6165890216827392,0.3718699540647281,True,sqrt,0.75,2,50,"{'bootstrap': True, 'max_features': 'sqrt', 'max_samples': 0.75, 'min_samples_split': 2, 'n_estimators': 50}",-0.4436675301929133,-0.4253447090584416,-0.44083255800237037,-0.4313379626773761,-0.44563749997999086,-0.43736405198221845,0.00775877142292076,179
12.231520223617554,1.3585617702266024,0.7942280769348145,0.200083914801134,True,sqrt,0.75,2,100,"{'bootstrap': True, 'max_features': 'sqrt', 'max_samples': 0.75, 'min_samples_split': 2, 'n_estimators': 100}",-0.4448205185817019,-0.42165757777662066,-0.43794521581789864,-0.4273732645819732,-0.44462674344464903,-0.4352846640405687,0.009312069873236479,167
24.076069021224974,1.5085512106039938,0.9985643863677979,0.2367667635143345,True,sqrt,0.75,2,200,"{'bootstrap': True, 'max_features': 'sqrt', 'max_samples': 0.75, 'min_samples_split': 2, 'n_estimators': 200}",-0.44702217007545686,-0.41934872658233546,-0.4375735303160593,-0.42787259650979376,-0.4422558034332012,-0.4348145653833694,0.009993924406294184,163
35.33740673065186,2.448907026957749,0.9261280059814453,0.2769300643972184,True,sqrt,0.75,2,300,"{'bootstrap': True, 'max_features': 'sqrt', 'max_samples': 0.75, 'min_samples_split': 2, 'n_estimators': 300}",-0.44930077217896086,-0.4193685497953667,-0.43849631349659507,-0.430051268054355,-0.4420281986210099,-0.43584902042925755,0.010308829940984322,172
48.24127597808838,2.4124833798853724,0.9151311397552491,0.2496867566117407,True,sqrt,0.75,2,400,"{'bootstrap': True, 'max_features': 'sqrt', 'max_samples': 0.75, 'min_samples_split': 2, 'n_estimators': 400}",-0.4498174201535825,-0.4195298288435018,-0.4395976109996234,-0.4301495834140235,-0.4420129090377976,-0.4362214704897058,0.010442869777669629,177
57.38884372711182,2.9087533487576605,0.9847360610961914,0.12430376021010972,True,sqrt,0.75,2,500,"{'bootstrap': True, 'max_features': 'sqrt', 'max_samples': 0.75, 'min_samples_split': 2, 'n_estimators': 500}",-0.44955644660203414,-0.4187763241128069,-0.439906702355105,-0.42920311538403677,-0.44278367543508074,-0.43604525277781275,0.010843433336854147,175
6.7372462272644045,0.4917616446810635,0.8617401123046875,0.31767512814131504,True,sqrt,0.75,5,50,"{'bootstrap': True, 'max_features': 'sqrt', 'max_samples': 0.75, 'min_samples_split': 5, 'n_estimators': 50}",-0.4426868674704997,-0.41895992565528084,-0.4353460400952389,-0.42687592939611835,-0.4338712236799079,-0.4315479972594091,0.008052138905819711,130
12.02781147956848,0.6712058570092334,0.6679675102233886,0.1739640614076232,True,sqrt,0.75,5,100,"{'bootstrap': True, 'max_features': 'sqrt', 'max_samples': 0.75, 'min_samples_split': 5, 'n_estimators': 100}",-0.4402616203178184,-0.41419994841258884,-0.43116637197586705,-0.4221473767218711,-0.4338790210702997,-0.42833086769968903,0.009155144880670532,122
23.16453561782837,1.6411279676272144,0.7306370735168457,0.08414455580628429,True,sqrt,0.75,5,200,"{'bootstrap': True, 'max_features': 'sqrt', 'max_samples': 0.75, 'min_samples_split': 5, 'n_estimators': 200}",-0.44199376916764727,-0.41352147273670453,-0.4314734990112485,-0.4210385285492523,-0.43315038616273244,-0.428235531125517,0.009921992848636148,121
33.70199837684631,0.45428414705396164,1.063589334487915,0.3119538291627627,True,sqrt,0.75,5,300,"{'bootstrap': True, 'max_features': 'sqrt', 'max_samples': 0.75, 'min_samples_split': 5, 'n_estimators': 300}",-0.4432840634032166,-0.4137389695093808,-0.43113130861873844,-0.421475572288147,-0.4327985475271218,-0.42848569226932093,0.010111373881610264,123
44.77261176109314,4.460253415819018,0.9472340106964111,0.18923271418188822,True,sqrt,0.75,5,400,"{'bootstrap': True, 'max_features': 'sqrt', 'max_samples': 0.75, 'min_samples_split': 5, 'n_estimators': 400}",-0.4433554252248882,-0.41405044853519174,-0.4307901520272077,-0.42263631731251833,-0.4322912740049325,-0.4286247234209476,0.009832565748932424,124
57.38260116577148,2.002096244395419,0.7423287868499756,0.26791864521410735,True,sqrt,0.75,5,500,"{'bootstrap': True, 'max_features': 'sqrt', 'max_samples': 0.75, 'min_samples_split': 5, 'n_estimators': 500}",-0.44354561812420024,-0.4135142667384736,-0.43157709148615614,-0.4223918173911865,-0.43250506435973396,-0.4287067716199501,0.010134574297257837,125
6.052754974365234,0.6859505472901257,0.7782450675964355,0.06481742033573776,True,sqrt,0.75,10,50,"{'bootstrap': True, 'max_features': 'sqrt', 'max_samples': 0.75, 'min_samples_split': 10, 'n_estimators': 50}",-0.4248914869295501,-0.40718653086627554,-0.4159807194322324,-0.41014606066430764,-0.4149001481490505,-0.4146209892082832,0.006044933014540593,49
10.931741380691529,0.7045947852141701,0.7561419010162354,0.2890538391215499,True,sqrt,0.75,10,100,"{'bootstrap': True, 'max_features': 'sqrt', 'max_samples': 0.75, 'min_samples_split': 10, 'n_estimators': 100}",-0.4264804102285072,-0.40598087303238156,-0.41627802299495326,-0.41271523112533326,-0.4173333920269937,-0.41575758588163386,0.006671926533925465,54
20.753418493270875,2.6689662445009414,0.6575065612792969,0.16293895986449003,True,sqrt,0.75,10,200,"{'bootstrap': True, 'max_features': 'sqrt', 'max_samples': 0.75, 'min_samples_split': 10, 'n_estimators': 200}",-0.42478492120691136,-0.40527447802247873,-0.4146158328673186,-0.41138365983796416,-0.41709705840043515,-0.41463119006702154,0.0064385326187822774,50
28.851276397705078,2.641153580324093,0.7661982536315918,0.14369572499935043,True,sqrt,0.75,10,300,"{'bootstrap': True, 'max_features': 'sqrt', 'max_samples': 0.75, 'min_samples_split': 10, 'n_estimators': 300}",-0.4243310673341436,-0.4053903666588358,-0.4139494825704409,-0.41186719149309986,-0.41749139396493196,-0.4146059004042904,0.006257194546894903,47
40.4729944229126,2.6347032270100823,0.7674891948699951,0.4070156772047282,True,sqrt,0.75,10,400,"{'bootstrap': True, 'max_features': 'sqrt', 'max_samples': 0.75, 'min_samples_split': 10, 'n_estimators': 400}",-0.4262297085906322,-0.4055368305961845,-0.41523482117525196,-0.41222382413224284,-0.41832125031296263,-0.41550928696145484,0.006828675731424169,52
48.99423570632935,3.0940071576725976,1.0959461688995362,0.1533373620760761,True,sqrt,0.75,10,500,"{'bootstrap': True, 'max_features': 'sqrt', 'max_samples': 0.75, 'min_samples_split': 10, 'n_estimators': 500}",-0.42709354321753157,-0.40472973979382915,-0.41645914868243905,-0.4112733972927521,-0.419037950924555,-0.4157187559822214,0.007502942245960725,53
9.55833330154419,0.11595127680269403,0.7369553565979003,0.15648761321946875,True,sqrt,1.0,2,50,"{'bootstrap': True, 'max_features': 'sqrt', 'max_samples': 1.0, 'min_samples_split': 2, 'n_estimators': 50}",-0.4489343337607004,-0.4137436441331457,-0.44327184167558037,-0.431385830620107,-0.4395011797924668,-0.4353673659964,0.012223499807771324,168
16.640433406829835,1.1221696425654852,0.8607059001922608,0.19560461263076806,True,sqrt,1.0,2,100,"{'bootstrap': True, 'max_features': 'sqrt', 'max_samples': 1.0, 'min_samples_split': 2, 'n_estimators': 100}",-0.44908584820811864,-0.4150295815702362,-0.43724728476023517,-0.42440205978275214,-0.4372717594725701,-0.43260730675878245,0.011756966819824964,141
30.40442762374878,1.6335338558348107,0.8182306289672852,0.18536495811191359,True,sqrt,1.0,2,200,"{'bootstrap': True, 'max_features': 'sqrt', 'max_samples': 1.0, 'min_samples_split': 2, 'n_estimators': 200}",-0.4475387590339167,-0.4127743435301249,-0.43715193789836354,-0.4241682960886808,-0.4366267324096868,-0.4316520137921545,0.011997984247877137,132
45.20870270729065,2.3324120283493106,0.8940465450286865,0.2654741541930783,True,sqrt,1.0,2,300,"{'bootstrap': True, 'max_features': 'sqrt', 'max_samples': 1.0, 'min_samples_split': 2, 'n_estimators': 300}",-0.44910704204634566,-0.41277312482242334,-0.4377252746756612,-0.4247975655980546,-0.43833890775857154,-0.43254838298021137,0.012535195093833978,140
57.59731645584107,1.6994200476129124,0.8756892681121826,0.27058605591814294,True,sqrt,1.0,2,400,"{'bootstrap': True, 'max_features': 'sqrt', 'max_samples': 1.0, 'min_samples_split': 2, 'n_estimators': 400}",-0.4497120617253855,-0.4132558737533381,-0.4372016449877097,-0.4250268589547527,-0.43784116600955536,-0.43260752108614825,0.012433945608135459,142
76.6262260913849,2.5399617003719555,0.931504487991333,0.10528098613073357,True,sqrt,1.0,2,500,"{'bootstrap': True, 'max_features': 'sqrt', 'max_samples': 1.0, 'min_samples_split': 2, 'n_estimators': 500}",-0.4496874772955318,-0.41372363401094564,-0.43610818948988617,-0.42483624945716236,-0.43780085641034777,-0.43243128133277475,0.012229381560194345,139
7.857568740844727,0.34070171741938354,0.8244719505310059,0.18051824487834486,True,sqrt,1.0,5,50,"{'bootstrap': True, 'max_features': 'sqrt', 'max_samples': 1.0, 'min_samples_split': 5, 'n_estimators': 50}",-0.4388382472624689,-0.41100462192204074,-0.42739088654039625,-0.4220364993865166,-0.4331298104052726,-0.42648001310333905,0.009560418322153248,116
15.264302349090576,0.925335878010399,0.825225830078125,0.04965635753848302,True,sqrt,1.0,5,100,"{'bootstrap': True, 'max_features': 'sqrt', 'max_samples': 1.0, 'min_samples_split': 5, 'n_estimators': 100}",-0.43947417026800695,-0.40833755183191534,-0.4269150198970281,-0.42132290871709693,-0.429843947252327,-0.42517871959327486,0.010272596623331458,104
29.466706323623658,1.9383931555120373,0.9585539340972901,0.2095310210435054,True,sqrt,1.0,5,200,"{'bootstrap': True, 'max_features': 'sqrt', 'max_samples': 1.0, 'min_samples_split': 5, 'n_estimators': 200}",-0.44187383125307694,-0.40788195963889917,-0.4274167480814483,-0.41971503755685313,-0.4301904900540749,-0.42541561331687044,0.011292497519432095,106
40.76450481414795,4.211332539427947,0.6907480716705322,0.2143993739231245,True,sqrt,1.0,5,300,"{'bootstrap': True, 'max_features': 'sqrt', 'max_samples': 1.0, 'min_samples_split': 5, 'n_estimators': 300}",-0.44130406979372316,-0.4087964216040095,-0.42854241143810995,-0.4202304227817745,-0.4312489591878441,-0.4260244569610922,0.01093140540751064,113
57.78604173660278,4.499297847429786,0.9572263717651367,0.15560617975976662,True,sqrt,1.0,5,400,"{'bootstrap': True, 'max_features': 'sqrt', 'max_samples': 1.0, 'min_samples_split': 5, 'n_estimators': 400}",-0.44120897309205165,-0.40965433840376125,-0.42804948918198055,-0.42031632351663795,-0.4306675663076333,-0.425979338100413,0.010552555524362468,112
71.50319809913636,7.727127357435726,0.8755800724029541,0.0627436415794307,True,sqrt,1.0,5,500,"{'bootstrap': True, 'max_features': 'sqrt', 'max_samples': 1.0, 'min_samples_split': 5, 'n_estimators': 500}",-0.44146276327825057,-0.40937195430341833,-0.4283444884060418,-0.42032785839929604,-0.43077738652310416,-0.42605689018202214,0.010733741264241542,114
7.959629821777344,0.8908669394816428,0.5695325374603272,0.08176686184011665,True,sqrt,1.0,10,50,"{'bootstrap': True, 'max_features': 'sqrt', 'max_samples': 1.0, 'min_samples_split': 10, 'n_estimators': 50}",-0.41856715726104227,-0.4055324484078318,-0.41713434247204156,-0.4084675542089366,-0.4138840254743853,-0.4127171055648475,0.004995493449261749,39
14.613507270812988,0.7799143250291259,1.0205074787139892,0.21548905493939408,True,sqrt,1.0,10,100,"{'bootstrap': True, 'max_features': 'sqrt', 'max_samples': 1.0, 'min_samples_split': 10, 'n_estimators': 100}",-0.42067276908284945,-0.4008874429081526,-0.41655200823459865,-0.4073306241021235,-0.4138293865770165,-0.41185444618094813,0.00699243054458872,29
26.95481142997742,1.1923990381909029,0.8365753650665283,0.10777362395376756,True,sqrt,1.0,10,200,"{'bootstrap': True, 'max_features': 'sqrt', 'max_samples': 1.0, 'min_samples_split': 10, 'n_estimators': 200}",-0.4234977375845742,-0.39874711938678586,-0.41662037245739725,-0.4068418286226017,-0.4147669563778992,-0.41209480288585165,0.008525285888190395,31
38.93851108551026,1.6221757613170522,0.7328638553619384,0.28954897321752127,True,sqrt,1.0,10,300,"{'bootstrap': True, 'max_features': 'sqrt', 'max_samples': 1.0, 'min_samples_split': 10, 'n_estimators': 300}",-0.42362272063983236,-0.39960660982445906,-0.4155595881360539,-0.4072591527530866,-0.4149826620325682,-0.4122061466772,0.008154923003555616,32
54.2974937915802,4.959545682248275,0.8610632419586182,0.1033901640516824,True,sqrt,1.0,10,400,"{'bootstrap': True, 'max_features': 'sqrt', 'max_samples': 1.0, 'min_samples_split': 10, 'n_estimators': 400}",-0.4237336161207267,-0.39954239919215967,-0.41659631215832515,-0.4072468801808671,-0.4160439252670415,-0.412632626583824,0.008377828456354252,37
66.13864941596985,5.293732628901862,0.9581465721130371,0.15571559626313264,True,sqrt,1.0,10,500,"{'bootstrap': True, 'max_features': 'sqrt', 'max_samples': 1.0, 'min_samples_split': 10, 'n_estimators': 500}",-0.42489346479982243,-0.39963331367481414,-0.4170322167583187,-0.4080791558598065,-0.4163055810950733,-0.41318874643756703,0.008617946711210321,43
11.351967525482177,1.0729123037575476,0.6078586101531982,0.08996444544208577,True,19,0.5,2,50,"{'bootstrap': True, 'max_features': 19, 'max_samples': 0.5, 'min_samples_split': 2, 'n_estimators': 50}",-0.45704935224732063,-0.4280239186712756,-0.4437818316758855,-0.4397269063448366,-0.4461232653247619,-0.44294105485281604,0.009409879138604567,209
20.3128201007843,2.1259642104108436,0.7353768348693848,0.11262678771942378,True,19,0.5,2,100,"{'bootstrap': True, 'max_features': 19, 'max_samples': 0.5, 'min_samples_split': 2, 'n_estimators': 100}",-0.4567562760745783,-0.4266698013517421,-0.4455303387494629,-0.4358163467063051,-0.44673157035245104,-0.4423008666469078,0.010250840826301904,202
38.836202478408815,2.4951819425133666,0.7835142135620117,0.1931105880337512,True,19,0.5,2,200,"{'bootstrap': True, 'max_features': 19, 'max_samples': 0.5, 'min_samples_split': 2, 'n_estimators': 200}",-0.4557190065836132,-0.42874771419602153,-0.4446182407234837,-0.43520691073059253,-0.44635223896145515,-0.44212882223903327,0.00933482163847879,200
64.09223275184631,2.887243797790496,0.7361499309539795,0.24898142984880128,True,19,0.5,2,300,"{'bootstrap': True, 'max_features': 19, 'max_samples': 0.5, 'min_samples_split': 2, 'n_estimators': 300}",-0.45645593310242416,-0.4278770643930678,-0.44360953952577253,-0.43570078656756295,-0.4459960108030319,-0.4419278668783718,0.009660684300540049,198
79.34583940505982,3.667319543294636,0.8454833030700684,0.15076394930207343,True,19,0.5,2,400,"{'bootstrap': True, 'max_features': 19, 'max_samples': 0.5, 'min_samples_split': 2, 'n_estimators': 400}",-0.4561098744799647,-0.4278390137942184,-0.44395830836649935,-0.43602829662418774,-0.4460872848237026,-0.4420045556177145,0.0095480269636139,199
97.65112209320068,6.154737196056812,0.9180863857269287,0.2051676990548504,True,19,0.5,2,500,"{'bootstrap': True, 'max_features': 19, 'max_samples': 0.5, 'min_samples_split': 2, 'n_estimators': 500}",-0.4557486232483319,-0.4278607393372873,-0.44465565344587216,-0.43611123132587204,-0.44650925590544377,-0.44217710065256144,0.009495788441722584,201
10.749663305282592,0.8466174008342134,0.7224400043487549,0.12884003637405272,True,19,0.5,5,50,"{'bootstrap': True, 'max_features': 19, 'max_samples': 0.5, 'min_samples_split': 5, 'n_estimators': 50}",-0.4409578777978034,-0.41873037991472417,-0.44029370130496026,-0.43254886386530134,-0.4356588113202099,-0.43363792684059976,0.008067044109555582,151
20.964422750473023,0.628269093590488,0.8798188209533692,0.13334654453553946,True,19,0.5,5,100,"{'bootstrap': True, 'max_features': 19, 'max_samples': 0.5, 'min_samples_split': 5, 'n_estimators': 100}",-0.4409529501613834,-0.4152154084945918,-0.4361762295795626,-0.42831076096780135,-0.4348300919938865,-0.4310970882394451,0.008909123180096528,127
39.180733394622806,2.7527725879291527,0.8143656730651856,0.1628842885838247,True,19,0.5,5,200,"{'bootstrap': True, 'max_features': 19, 'max_samples': 0.5, 'min_samples_split': 5, 'n_estimators': 200}",-0.4429221248598222,-0.4165504774793184,-0.4347446458899607,-0.4277481905520645,-0.436274301794357,-0.43164794811510454,0.008958141273661376,131
57.724145841598514,3.4656068495370485,0.908647108078003,0.09856141761097997,True,19,0.5,5,300,"{'bootstrap': True, 'max_features': 19, 'max_samples': 0.5, 'min_samples_split': 5, 'n_estimators': 300}",-0.44289440516197004,-0.41771709643997124,-0.43379659296245315,-0.4278174210791589,-0.4351936892033987,-0.43148384096939046,0.008393791284557278,128
76.27674751281738,2.273362942376386,0.7651792526245117,0.266348447609676,True,19,0.5,5,400,"{'bootstrap': True, 'max_features': 19, 'max_samples': 0.5, 'min_samples_split': 5, 'n_estimators': 400}",-0.443878489229768,-0.41815722396519706,-0.4344613467833372,-0.4270384659343433,-0.4356093934627221,-0.43182898387507357,0.008674992698530214,136
94.5167875289917,7.228311521859307,0.7476013660430908,0.10273162368389314,True,19,0.5,5,500,"{'bootstrap': True, 'max_features': 19, 'max_samples': 0.5, 'min_samples_split': 5, 'n_estimators': 500}",-0.4451984988106365,-0.4179942771679053,-0.4352011080131002,-0.42712472240899063,-0.436239014531665,-0.43235152418645956,0.009183980236652305,138
10.174181365966797,0.6184764185216907,0.6038338661193847,0.07597950285109674,True,19,0.5,10,50,"{'bootstrap': True, 'max_features': 19, 'max_samples': 0.5, 'min_samples_split': 10, 'n_estimators': 50}",-0.42532271425039647,-0.4050925524068765,-0.41546554198118485,-0.41750240673990374,-0.4192710214416834,-0.416530847364009,0.006598770673842825,57
19.094741678237916,1.2231596737926338,0.7511098861694336,0.11734654462944755,True,19,0.5,10,100,"{'bootstrap': True, 'max_features': 19, 'max_samples': 0.5, 'min_samples_split': 10, 'n_estimators': 100}",-0.4266908840913177,-0.40571469454938747,-0.4163599374629708,-0.4140525688753735,-0.4187332131382525,-0.4163102596234604,0.006796965539388461,56
35.51463508605957,4.01958801628195,0.7569718837738038,0.22612555486129185,True,19,0.5,10,200,"{'bootstrap': True, 'max_features': 19, 'max_samples': 0.5, 'min_samples_split': 10, 'n_estimators': 200}",-0.42566513951510204,-0.405115719894224,-0.41679480785221534,-0.4141115306172327,-0.4184551972273404,-0.41602847902122286,0.0066648998424711755,55
52.57417316436768,2.1721435861190006,0.6602531909942627,0.09249372129355038,True,19,0.5,10,300,"{'bootstrap': True, 'max_features': 19, 'max_samples': 0.5, 'min_samples_split': 10, 'n_estimators': 300}",-0.4263407226531431,-0.4062593777747461,-0.4172356399771404,-0.4160303688391585,-0.41989279060695917,-0.41715177997022945,0.006509359844936485,58
67.97957029342652,2.070230871282137,0.8325676918029785,0.09331176916030291,True,19,0.5,10,400,"{'bootstrap': True, 'max_features': 19, 'max_samples': 0.5, 'min_samples_split': 10, 'n_estimators': 400}",-0.4266696088570577,-0.4072620975920685,-0.4176201516176627,-0.41643392805980883,-0.4202747187304268,-0.4176521009714049,0.006286981924645881,59
87.82910547256469,4.037330874049954,0.9595681190490722,0.10084105344288731,True,19,0.5,10,500,"{'bootstrap': True, 'max_features': 19, 'max_samples': 0.5, 'min_samples_split': 10, 'n_estimators': 500}",-0.4272306040181959,-0.40707011430013007,-0.41851593530848336,-0.4164114639226524,-0.4215987020658893,-0.4181653639230702,0.006637319014305403,60
16.10930218696594,2.016481273026462,0.6524872303009033,0.13991334311187043,True,19,0.75,2,50,"{'bootstrap': True, 'max_features': 19, 'max_samples': 0.75, 'min_samples_split': 2, 'n_estimators': 50}",-0.4471121839593381,-0.41968907416509177,-0.440833907483127,-0.4332571467530244,-0.43825828023142316,-0.43583011851840087,0.009223582497518075,171
29.588317728042604,3.991108930825326,0.7430967807769775,0.15229298292846852,True,19,0.75,2,100,"{'bootstrap': True, 'max_features': 19, 'max_samples': 0.75, 'min_samples_split': 2, 'n_estimators': 100}",-0.44869735209053013,-0.4161372600722013,-0.44051400180790773,-0.42834025267182146,-0.43732275295502027,-0.4342023239194962,0.01113903593612596,157
60.08809781074524,2.3108165379165917,0.7823186874389648,0.086922303564394,True,19,0.75,2,200,"{'bootstrap': True, 'max_features': 19, 'max_samples': 0.75, 'min_samples_split': 2, 'n_estimators': 200}",-0.45079201502665694,-0.4150103619781099,-0.4394407131813515,-0.42886041983505513,-0.43818240989873597,-0.4344571839839819,0.011958613896572712,160
89.37451066970826,3.09358218229791,0.6985315799713134,0.1336499924750629,True,19,0.75,2,300,"{'bootstrap': True, 'max_features': 19, 'max_samples': 0.75, 'min_samples_split': 2, 'n_estimators': 300}",-0.44965798516989147,-0.4152553216264249,-0.4387672513280054,-0.4284291368956272,-0.43907869352471024,-0.4342376777089319,0.0116258964584471,158
119.62616295814514,10.260357209821345,0.6012248039245606,0.24811302667248838,True,19,0.75,2,400,"{'bootstrap': True, 'max_features': 19, 'max_samples': 0.75, 'min_samples_split': 2, 'n_estimators': 400}",-0.45090947682297927,-0.4159435654468721,-0.43821155665855116,-0.427811734475557,-0.43867897555124413,-0.43431106179104073,0.011742283337642415,159
150.13753690719605,10.511844380982803,1.029099178314209,0.2018816619379714,True,19,0.75,2,500,"{'bootstrap': True, 'max_features': 19, 'max_samples': 0.75, 'min_samples_split': 2, 'n_estimators': 500}",-0.45214498619778015,-0.41593047876897554,-0.43858147677322773,-0.42860438727028755,-0.4395536382371601,-0.4349629934494862,0.012100056227466184,164
15.545327377319335,0.7528555601985193,0.7863542079925537,0.15271068506905694,True,19,0.75,5,50,"{'bootstrap': True, 'max_features': 19, 'max_samples': 0.75, 'min_samples_split': 5, 'n_estimators': 50}",-0.43741448641566627,-0.4107210179887277,-0.42962199261852374,-0.42353897341827323,-0.42985229252299234,-0.4262297525928367,0.008916159489510562,115
31.534949827194215,1.1469251138594394,0.638086986541748,0.11459120815311855,True,19,0.75,5,100,"{'bootstrap': True, 'max_features': 19, 'max_samples': 0.75, 'min_samples_split': 5, 'n_estimators': 100}",-0.4373375528408558,-0.40869957365163756,-0.428745596505524,-0.41993589072251875,-0.4304655547951421,-0.42503683370313566,0.009873796744981437,102
58.84006586074829,2.400517178959479,0.7709282398223877,0.19424841440531915,True,19,0.75,5,200,"{'bootstrap': True, 'max_features': 19, 'max_samples': 0.75, 'min_samples_split': 5, 'n_estimators': 200}",-0.4386096604420345,-0.4080426512736965,-0.4284086751987246,-0.4205847354991196,-0.4304785742795756,-0.4252248593386302,0.010331022484943697,105
84.36723594665527,9.389285675727727,0.7274444103240967,0.23448726109640478,True,19,0.75,5,300,"{'bootstrap': True, 'max_features': 19, 'max_samples': 0.75, 'min_samples_split': 5, 'n_estimators': 300}",-0.4384635423096883,-0.4093224056498632,-0.4279428468948063,-0.42163904279627307,-0.43064160719613515,-0.42560188896935325,0.009767565688564388,108
113.55620331764221,7.431378406861681,0.814151668548584,0.13270839007615692,True,19,0.75,5,400,"{'bootstrap': True, 'max_features': 19, 'max_samples': 0.75, 'min_samples_split': 5, 'n_estimators': 400}",-0.4403018577225269,-0.41027436112705173,-0.42923993154814716,-0.4217166196340691,-0.43130471253774183,-0.42656749651390735,0.010071872414951409,117
144.42977132797242,3.77447270970497,0.8765823364257812,0.027243170931494972,True,19,0.75,5,500,"{'bootstrap': True, 'max_features': 19, 'max_samples': 0.75, 'min_samples_split': 5, 'n_estimators': 500}",-0.440589181532058,-0.41051937438167313,-0.4300563621297531,-0.42278747441976405,-0.43171212347712096,-0.42713290318807384,0.010054644579413467,119
14.476146745681763,1.1290553888472838,0.7065215110778809,0.11160204932127367,True,19,0.75,10,50,"{'bootstrap': True, 'max_features': 19, 'max_samples': 0.75, 'min_samples_split': 10, 'n_estimators': 50}",-0.4218478188010237,-0.4029145677487716,-0.41498201523038086,-0.40855442434607336,-0.41041403713410457,-0.4117425726520708,0.006363536041625001,25
28.46758370399475,3.815180805325617,0.8451762199401855,0.1927755093570944,True,19,0.75,10,100,"{'bootstrap': True, 'max_features': 19, 'max_samples': 0.75, 'min_samples_split': 10, 'n_estimators': 100}",-0.4243263594781725,-0.39962533664267974,-0.4128789653591196,-0.40715969543074365,-0.4151768549440722,-0.4118334423709575,0.008236822927980768,28
55.22176351547241,4.865130358484464,0.8808290481567382,0.09132292630188803,True,19,0.75,10,200,"{'bootstrap': True, 'max_features': 19, 'max_samples': 0.75, 'min_samples_split': 10, 'n_estimators': 200}",-0.4246118072264526,-0.4001519316832798,-0.4138243558859594,-0.4073966811548924,-0.4150641014741248,-0.41220977548494175,0.00816237602927664,33
80.15928058624267,3.8990685455575815,0.8385305881500245,0.22638922427968666,True,19,0.75,10,300,"{'bootstrap': True, 'max_features': 19, 'max_samples': 0.75, 'min_samples_split': 10, 'n_estimators': 300}",-0.4247817331884932,-0.4003372482567931,-0.4133524861738959,-0.40908160085981055,-0.4155551052695057,-0.41262163474969976,0.008005565296525139,36
104.93613033294677,6.704090722000161,0.7366480350494384,0.08201047141072289,True,19,0.75,10,400,"{'bootstrap': True, 'max_features': 19, 'max_samples': 0.75, 'min_samples_split': 10, 'n_estimators': 400}",-0.42488453378307367,-0.4004416885004906,-0.4133168030273263,-0.40865940040019044,-0.41594911949048124,-0.41265030904031247,0.008074408794907766,38
133.03032541275024,7.559437285398221,0.841437816619873,0.16073674108321778,True,19,0.75,10,500,"{'bootstrap': True, 'max_features': 19, 'max_samples': 0.75, 'min_samples_split': 10, 'n_estimators': 500}",-0.4257401552172665,-0.40110734041265894,-0.4144274805985134,-0.4088142044809558,-0.4165275500799433,-0.41332334615786753,0.008188117462326368,45
22.53622603416443,1.6626780423478955,0.7208510398864746,0.1707049484174995,True,19,1.0,2,50,"{'bootstrap': True, 'max_features': 19, 'max_samples': 1.0, 'min_samples_split': 2, 'n_estimators': 50}",-0.4454738869501267,-0.4158925373765828,-0.4354151282582315,-0.42810450925760896,-0.44246520095480685,-0.43347025255947136,0.010644680821284691,149
40.783559513092044,2.1677494203203778,0.5128706455230713,0.18903816079715283,True,19,1.0,2,100,"{'bootstrap': True, 'max_features': 19, 'max_samples': 1.0, 'min_samples_split': 2, 'n_estimators': 100}",-0.4485246381989166,-0.41308638599264813,-0.43830048560774293,-0.4265035471875139,-0.4401638420435614,-0.4333157798060766,0.012318177700124954,147
76.13525462150574,5.272303048826243,0.7150393962860108,0.21075762054649574,True,19,1.0,2,200,"{'bootstrap': True, 'max_features': 19, 'max_samples': 1.0, 'min_samples_split': 2, 'n_estimators': 200}",-0.4481203443019036,-0.41098994218801777,-0.43602315599569047,-0.42687244783585354,-0.437054594632082,-0.43181209699070944,0.0124027254603706,135
114.18085966110229,8.019458001519606,0.7886488914489747,0.15464667069655993,True,19,1.0,2,300,"{'bootstrap': True, 'max_features': 19, 'max_samples': 1.0, 'min_samples_split': 2, 'n_estimators': 300}",-0.4472351487926109,-0.41030208301315046,-0.4358900552092242,-0.4254614719466948,-0.4355471978567395,-0.430887191363684,0.012386970059424844,126
153.59073252677916,9.139708988754663,0.8074895858764648,0.20336488466982514,True,19,1.0,2,400,"{'bootstrap': True, 'max_features': 19, 'max_samples': 1.0, 'min_samples_split': 2, 'n_estimators': 400}",-0.44783499587875,-0.41132123041828555,-0.43659137121199876,-0.4256302637915975,-0.4362576472630952,-0.43152710171274533,0.012304651406124207,129
187.19656023979186,7.847747998784477,0.8963495254516601,0.1502030298710296,True,19,1.0,2,500,"{'bootstrap': True, 'max_features': 19, 'max_samples': 1.0, 'min_samples_split': 2, 'n_estimators': 500}",-0.44896216686375284,-0.4117951638864316,-0.43641255936137335,-0.42496549821282126,-0.4368559789372331,-0.4317982734523224,0.012556133688680434,134
19.854555559158324,2.497325912179066,0.6897506237030029,0.1607065624822906,True,19,1.0,5,50,"{'bootstrap': True, 'max_features': 19, 'max_samples': 1.0, 'min_samples_split': 5, 'n_estimators': 50}",-0.4388990978893257,-0.40891329115413866,-0.424386817675873,-0.41587799841332346,-0.4281741276569963,-0.42325026655793135,0.010298750214758734,81
40.30362663269043,0.8658983827513238,0.6500386238098145,0.08363203753323499,True,19,1.0,5,100,"{'bootstrap': True, 'max_features': 19, 'max_samples': 1.0, 'min_samples_split': 5, 'n_estimators': 100}",-0.44101746165161176,-0.4052432787749984,-0.4264036228461678,-0.4141520386204795,-0.43128347104871917,-0.4236199745883953,0.012621372288668565,88
77.57131705284118,3.3897467756393698,0.7751326084136962,0.12987326777299438,True,19,1.0,5,200,"{'bootstrap': True, 'max_features': 19, 'max_samples': 1.0, 'min_samples_split': 5, 'n_estimators': 200}",-0.43969365990000997,-0.4048191628794777,-0.4270915836583454,-0.415350620859502,-0.4299372756913269,-0.4233784605977323,0.012098634709964444,84
109.86746783256531,10.530147021734198,0.7163644790649414,0.1627728239623351,True,19,1.0,5,300,"{'bootstrap': True, 'max_features': 19, 'max_samples': 1.0, 'min_samples_split': 5, 'n_estimators': 300}",-0.43889906284010327,-0.40449264342136804,-0.4263724307098919,-0.4172402553564375,-0.42995635740949467,-0.4233921499474591,0.011725803976499215,85
145.66473989486695,11.258838265495184,0.9707726955413818,0.10179807899818717,True,19,1.0,5,400,"{'bootstrap': True, 'max_features': 19, 'max_samples': 1.0, 'min_samples_split': 5, 'n_estimators': 400}",-0.43919596190102017,-0.405402162273373,-0.4265142015142651,-0.4175210837374894,-0.4305686133746448,-0.4238404045601585,0.01155953043629053,91
183.71527552604675,9.02323434413191,0.9052933692932129,0.15519659150865375,True,19,1.0,5,500,"{'bootstrap': True, 'max_features': 19, 'max_samples': 1.0, 'min_samples_split': 5, 'n_estimators': 500}",-0.4401519949748683,-0.4056506193474506,-0.4264738986109325,-0.41818702092575044,-0.42984945700621013,-0.42406259817304237,0.011590463033600692,95
19.582517242431642,2.6830778984713195,0.8228864669799805,0.11862136126518125,True,19,1.0,10,50,"{'bootstrap': True, 'max_features': 19, 'max_samples': 1.0, 'min_samples_split': 10, 'n_estimators': 50}",-0.41661772259476854,-0.4013476182239512,-0.41672738640359264,-0.40637216990072156,-0.4163216328985847,-0.41147730600432375,0.0064207120967179135,23
35.574850511550906,4.005887732812518,0.6559005737304687,0.13900624800640515,True,19,1.0,10,100,"{'bootstrap': True, 'max_features': 19, 'max_samples': 1.0, 'min_samples_split': 10, 'n_estimators': 100}",-0.4196868965949754,-0.3995889779324072,-0.4170479639534288,-0.4031296490428172,-0.41610225659175454,-0.41111114882307664,0.00812607089895028,21
69.9464096069336,6.79553518716174,0.7543883323669434,0.25414600215255506,True,19,1.0,10,200,"{'bootstrap': True, 'max_features': 19, 'max_samples': 1.0, 'min_samples_split': 10, 'n_estimators': 200}",-0.42318447916642193,-0.3975992665203681,-0.4143712361649966,-0.40349963878094824,-0.4163539954667066,-0.4110017232198883,0.009212242882768725,20
104.44474186897278,8.604560397271934,0.756610631942749,0.14714996014066112,True,19,1.0,10,300,"{'bootstrap': True, 'max_features': 19, 'max_samples': 1.0, 'min_samples_split': 10, 'n_estimators': 300}",-0.42184651747197555,-0.39792601971169533,-0.4132933264751378,-0.40434390076162136,-0.41511589186533643,-0.41050513125715327,0.00841255009762761,19
130.89503593444823,5.423271825571306,1.0688857555389404,0.1707870383515376,True,19,1.0,10,400,"{'bootstrap': True, 'max_features': 19, 'max_samples': 1.0, 'min_samples_split': 10, 'n_estimators': 400}",-0.42262081107943317,-0.39868122096066183,-0.4143976303765371,-0.4045350621212239,-0.41625195774092766,-0.4112973364557567,0.008570599703507282,22
144.21785521507263,4.093362100689393,0.6831978797912598,0.2161577132109039,True,19,1.0,10,500,"{'bootstrap': True, 'max_features': 19, 'max_samples': 1.0, 'min_samples_split': 10, 'n_estimators': 500}",-0.4237448772073965,-0.39847695882355705,-0.4142273863618876,-0.40531090818969884,-0.41676998690197,-0.411706023496902,0.008863866500026397,24
4.254775190353394,0.13874940077741257,0.7414166927337646,0.06644183140240172,False,1,,2,50,"{'bootstrap': False, 'max_features': 1, 'min_samples_split': 2, 'n_estimators': 50}",-0.4572260145471785,-0.4161178306307828,-0.4403461522438067,-0.42937667527332973,-0.4398875405023326,-0.436590842639486,0.01357917021160455,178
6.8387779712677,0.4428849847389161,0.6677392005920411,0.18930679152243798,False,1,,2,100,"{'bootstrap': False, 'max_features': 1, 'min_samples_split': 2, 'n_estimators': 100}",-0.4552413600841569,-0.4135955161111829,-0.439983676814793,-0.42840648317593544,-0.44066087191504294,-0.43557758162022225,0.013903622229513342,169
13.029061365127564,0.4176968149118819,0.6586328029632569,0.11027114525788521,False,1,,2,200,"{'bootstrap': False, 'max_features': 1, 'min_samples_split': 2, 'n_estimators': 200}",-0.4536013614940707,-0.4131116050171535,-0.4389268422100777,-0.42771485713242713,-0.4400618198687837,-0.4346832971445026,0.013555267593025264,162
19.69411873817444,0.5379568705667475,0.8582661151885986,0.16137323740166543,False,1,,2,300,"{'bootstrap': False, 'max_features': 1, 'min_samples_split': 2, 'n_estimators': 300}",-0.4536325074916315,-0.41278733598564404,-0.43876130636870764,-0.42721831747691996,-0.44011171730151344,-0.43450223692488327,0.013712516909054303,161
24.518484115600586,1.4112283227610427,1.032292890548706,0.16069693979433627,False,1,,2,400,"{'bootstrap': False, 'max_features': 1, 'min_samples_split': 2, 'n_estimators': 400}",-0.452354449602535,-0.412721695178261,-0.43789718651702336,-0.4274601547456222,-0.44016091159094,-0.43411887952687633,0.013307861472981613,156
28.315323877334595,1.6780864473660524,0.9099360466003418,0.23498680468647376,False,1,,2,500,"{'bootstrap': False, 'max_features': 1, 'min_samples_split': 2, 'n_estimators': 500}",-0.452275810375672,-0.41290526961201923,-0.437618828909724,-0.4272058005478626,-0.44025668726925404,-0.4340524793429064,0.013246753029180271,155
3.354664182662964,0.44393019152819807,0.5708073139190674,0.2607580211542218,False,1,,5,50,"{'bootstrap': False, 'max_features': 1, 'min_samples_split': 5, 'n_estimators': 50}",-0.4432086287982672,-0.40314597564788834,-0.4267604817475676,-0.4212405643607523,-0.42528770722350145,-0.4239286715555954,0.012811941676985912,92
6.06526460647583,0.26447591893418587,0.82781081199646,0.1920422880061537,False,1,,5,100,"{'bootstrap': False, 'max_features': 1, 'min_samples_split': 5, 'n_estimators': 100}",-0.44194384436007034,-0.4036373202137133,-0.42575104394509034,-0.4176510852828283,-0.42497842271354574,-0.42279234330304954,0.012439134125804503,78
11.523325347900391,0.40337932469582327,0.6185633659362793,0.1153538221621259,False,1,,5,200,"{'bootstrap': False, 'max_features': 1, 'min_samples_split': 5, 'n_estimators': 200}",-0.4435883109341469,-0.4037968284020636,-0.4272149529314744,-0.4171702737550242,-0.4268003209470551,-0.42371413739395286,0.013086514899393388,89
16.99943528175354,0.8363270611305127,0.553622817993164,0.18676131023853518,False,1,,5,300,"{'bootstrap': False, 'max_features': 1, 'min_samples_split': 5, 'n_estimators': 300}",-0.44218419929716507,-0.4031771288290695,-0.42723462619453795,-0.41619905867534596,-0.4267581276778868,-0.42311062813480105,0.01295551555719619,80
21.58005208969116,0.9808320822218899,0.5795149803161621,0.08420482075385849,False,1,,5,400,"{'bootstrap': False, 'max_features': 1, 'min_samples_split': 5, 'n_estimators': 400}",-0.4430223604035629,-0.4023955620075109,-0.4270908909592022,-0.4162134940815588,-0.42787188511101637,-0.42331883851257024,0.013501531817442528,83
24.96504077911377,1.8552026492877443,0.6556065082550049,0.1959712330301257,False,1,,5,500,"{'bootstrap': False, 'max_features': 1, 'min_samples_split': 5, 'n_estimators': 500}",-0.4434186051407177,-0.4026107812103686,-0.4271169201703653,-0.41634062771445957,-0.4282723181417646,-0.4235518504755351,0.013566212393456206,87
3.148062753677368,0.40133351309413795,0.5346335887908935,0.4079122223229967,False,1,,10,50,"{'bootstrap': False, 'max_features': 1, 'min_samples_split': 10, 'n_estimators': 50}",-0.4169930711907798,-0.39684296191093416,-0.4102407983198743,-0.4023812760693281,-0.410005431227585,-0.40729270774370024,0.006978058566853977,18
5.069044876098633,0.4354025928838584,0.5752441883087158,0.16578811933956078,False,1,,10,100,"{'bootstrap': False, 'max_features': 1, 'min_samples_split': 10, 'n_estimators': 100}",-0.41872066537816577,-0.39512937184400015,-0.40987608818695626,-0.4007023950814983,-0.4110482773129805,-0.4070953595607202,0.008277204874440705,17
8.368498182296753,0.27958348747473316,0.26137385368347166,0.0876650897844737,False,1,,10,200,"{'bootstrap': False, 'max_features': 1, 'min_samples_split': 10, 'n_estimators': 200}",-0.4185166437391978,-0.3936620766916534,-0.40756750728455104,-0.3993790118020713,-0.4111683226934476,-0.4060587124421843,0.00873933189174256,14
12.978382253646851,0.5975839483610941,0.5950741767883301,0.40257190933896453,False,1,,10,300,"{'bootstrap': False, 'max_features': 1, 'min_samples_split': 10, 'n_estimators': 300}",-0.418435967103765,-0.393417531854069,-0.4078979845011594,-0.39828980967697486,-0.41093721902001634,-0.40579570243119695,0.008946380347399968,13
17.64056615829468,0.5230901033862123,0.8619249820709228,0.1659503368055271,False,1,,10,400,"{'bootstrap': False, 'max_features': 1, 'min_samples_split': 10, 'n_estimators': 400}",-0.41947577371295214,-0.39332577052357237,-0.4087472248963437,-0.3989026660321182,-0.410581837780044,-0.40620665458900607,0.009175311121846823,15
22.376954126358033,1.2359059379101913,0.9505966663360595,0.34236732189020147,False,1,,10,500,"{'bootstrap': False, 'max_features': 1, 'min_samples_split': 10, 'n_estimators': 500}",-0.41982318436529664,-0.3928261928121185,-0.4091636708255365,-0.39875323379395683,-0.41068711809901276,-0.40625067997918424,0.009474269672878578,16
9.479426050186158,0.6805966425958969,0.6019986152648926,0.21671593240857898,False,sqrt,,2,50,"{'bootstrap': False, 'max_features': 'sqrt', 'min_samples_split': 2, 'n_estimators': 50}",-0.44133618154869336,-0.4032562775734671,-0.427442611383365,-0.42181080636282375,-0.4317417439117765,-0.4251175241560251,0.012658433159876125,103
20.202291870117186,1.2554938357660237,0.8794270992279053,0.14793139891658683,False,sqrt,,2,100,"{'bootstrap': False, 'max_features': 'sqrt', 'min_samples_split': 2, 'n_estimators': 100}",-0.4427139891345015,-0.4025956415715417,-0.42879167956517583,-0.41981172622600127,-0.43117039044935396,-0.4250166853893148,0.013379895609558379,101
40.021417427062985,3.916665106832022,0.9829408645629882,0.3354637312095377,False,sqrt,,2,200,"{'bootstrap': False, 'max_features': 'sqrt', 'min_samples_split': 2, 'n_estimators': 200}",-0.44345557847406863,-0.40323090923163574,-0.42733568787397463,-0.4194853142197668,-0.4299347566913749,-0.4246884492981641,0.013222975392831397,99
60.62490696907044,4.923533337836044,0.9483065128326416,0.08901273753592183,False,sqrt,,2,300,"{'bootstrap': False, 'max_features': 'sqrt', 'min_samples_split': 2, 'n_estimators': 300}",-0.4412457449933518,-0.4039384943694533,-0.42718812914905074,-0.41904598878788346,-0.429360773679178,-0.42415582619578346,0.012354777282686122,96
84.28230133056641,4.647724439490229,0.797274112701416,0.34948711802474036,False,sqrt,,2,400,"{'bootstrap': False, 'max_features': 'sqrt', 'min_samples_split': 2, 'n_estimators': 400}",-0.44072109253438185,-0.4036323509481092,-0.4273052142483985,-0.4189632590390965,-0.43029033291366003,-0.42418244993672927,0.012410730135225903,97
105.4164824962616,4.169060045831766,1.025291872024536,0.17594542100318697,False,sqrt,,2,500,"{'bootstrap': False, 'max_features': 'sqrt', 'min_samples_split': 2, 'n_estimators': 500}",-0.4407003016848374,-0.40391466239020757,-0.4265857046311247,-0.4196643294642826,-0.43083786153013814,-0.42434057194011804,0.012279911846352952,98
11.747593402862549,1.335094447273721,0.9591934680938721,0.11248502980038466,False,sqrt,,5,50,"{'bootstrap': False, 'max_features': 'sqrt', 'min_samples_split': 5, 'n_estimators': 50}",-0.4285562131061693,-0.3920304552905684,-0.4209695365357423,-0.41261345846107556,-0.4214679739142776,-0.4151275274615666,0.012605199047976474,51
20.05051221847534,2.6493518668558296,0.7530909061431885,0.2314596101065397,False,sqrt,,5,100,"{'bootstrap': False, 'max_features': 'sqrt', 'min_samples_split': 5, 'n_estimators': 100}",-0.4294677401717181,-0.39537607976647704,-0.41761517366887546,-0.4109302902794164,-0.4196855077133072,-0.41461495831995887,0.011305114936088241,48
40.844725894927976,2.6227181967181235,0.7710795879364014,0.34962487306035905,False,sqrt,,5,200,"{'bootstrap': False, 'max_features': 'sqrt', 'min_samples_split': 5, 'n_estimators': 200}",-0.42866579990903914,-0.39353428346847036,-0.4168804267692125,-0.41005832995731284,-0.4189373306569843,-0.4136152341522038,0.011673918549033626,46
61.449574851989745,3.728437125031229,1.0038314819335938,0.171569311472168,False,sqrt,,5,300,"{'bootstrap': False, 'max_features': 'sqrt', 'min_samples_split': 5, 'n_estimators': 300}",-0.4267526599392138,-0.3943069083963894,-0.41547224780983805,-0.4096680371201227,-0.4176210567416846,-0.4127641820014497,0.010741111951175546,40
79.4560998916626,2.484345443067761,0.8720499515533447,0.2023502201706951,False,sqrt,,5,400,"{'bootstrap': False, 'max_features': 'sqrt', 'min_samples_split': 5, 'n_estimators': 400}",-0.4270988809389228,-0.3946845374349132,-0.41535229111947586,-0.4087059964310974,-0.417132979263291,-0.41259493703754,0.010718838467264428,34
97.69133749008179,7.250422358333207,0.9009070873260498,0.07431912276014686,False,sqrt,,5,500,"{'bootstrap': False, 'max_features': 'sqrt', 'min_samples_split': 5, 'n_estimators': 500}",-0.4273274437879562,-0.39471487456910165,-0.4161544403674038,-0.4093874140580416,-0.4183005798356725,-0.41317695052363507,0.010867955814186363,42
11.119570112228393,0.8384007671741266,0.7440906047821045,0.2669442044762004,False,sqrt,,10,50,"{'bootstrap': False, 'max_features': 'sqrt', 'min_samples_split': 10, 'n_estimators': 50}",-0.4082261973588299,-0.37992430191989063,-0.4020483847438098,-0.3914150667981149,-0.3999921590708824,-0.39632122197830555,0.009807486501089742,7
21.278681612014772,1.5537347749974924,0.8895759582519531,0.08556418972341749,False,sqrt,,10,100,"{'bootstrap': False, 'max_features': 'sqrt', 'min_samples_split': 10, 'n_estimators': 100}",-0.4094355969079283,-0.38347261022708207,-0.4005010299587888,-0.3916712881043925,-0.4003374812028207,-0.3970836012802025,0.008824857626869343,11
38.71295132637024,2.3693864386615844,0.9001181125640869,0.18520466116619633,False,sqrt,,10,200,"{'bootstrap': False, 'max_features': 'sqrt', 'min_samples_split': 10, 'n_estimators': 200}",-0.4106190905802866,-0.3826369361117427,-0.39979637230331355,-0.3927524968202195,-0.40209470844167866,-0.39757992085144817,0.009401199146376877,12
58.4296817779541,2.667666170522306,0.8602764129638671,0.2113209790850344,False,sqrt,,10,300,"{'bootstrap': False, 'max_features': 'sqrt', 'min_samples_split': 10, 'n_estimators': 300}",-0.40966311005909156,-0.38236044924113066,-0.39812012417427495,-0.3920949023338481,-0.4005869981398801,-0.39656511678964507,0.009076413418225526,8
75.8684905052185,3.6407377695281364,0.8905474662780761,0.07809464704625399,False,sqrt,,10,400,"{'bootstrap': False, 'max_features': 'sqrt', 'min_samples_split': 10, 'n_estimators': 400}",-0.41061401736115016,-0.3825388894628468,-0.3979346880452522,-0.39233935549544363,-0.4002356429522189,-0.3967325186633824,0.009243074051464698,9
97.57176461219788,5.187480163339305,0.7927409172058105,0.20833953813093928,False,sqrt,,10,500,"{'bootstrap': False, 'max_features': 'sqrt', 'min_samples_split': 10, 'n_estimators': 500}",-0.41068558226429586,-0.3825597428721601,-0.39811454245202055,-0.3928423870080748,-0.40086290353525744,-0.3970130316263617,0.009265692776098266,10
29.103943061828613,4.574843940553982,0.6951793670654297,0.16898646529139366,False,19,,2,50,"{'bootstrap': False, 'max_features': 19, 'min_samples_split': 2, 'n_estimators': 50}",-0.4383423459615059,-0.4032171802285798,-0.4298796440069762,-0.4189521652254712,-0.42989471987079914,-0.42405721105866634,0.012102980556206797,94
50.505227375030515,2.6023902984324696,0.8107800483703613,0.12832974325321675,False,19,,2,100,"{'bootstrap': False, 'max_features': 19, 'min_samples_split': 2, 'n_estimators': 100}",-0.43859472325856264,-0.4026584484199566,-0.42741881180358715,-0.41660473735486453,-0.4334636207044542,-0.42374806830828504,0.012838136340823666,90
105.12426300048828,5.307926985933032,0.6691431045532227,0.19416545608038366,False,19,,2,200,"{'bootstrap': False, 'max_features': 19, 'min_samples_split': 2, 'n_estimators': 200}",-0.44045991809874213,-0.40346622986098457,-0.42620269411736605,-0.41592293128221325,-0.43148471070469113,-0.4235072968127994,0.01278641961273975,86
153.82955632209777,15.322443346156872,0.7257532596588134,0.14290215250095908,False,19,,2,300,"{'bootstrap': False, 'max_features': 19, 'min_samples_split': 2, 'n_estimators': 300}",-0.43953845585210655,-0.4024682536444993,-0.42690174432165723,-0.4168631163795713,-0.43054992401562525,-0.4232642988426919,0.012685504822051333,82
203.38945121765136,13.026087494442526,0.8231810569763184,0.18253611982086412,False,19,,2,400,"{'bootstrap': False, 'max_features': 19, 'min_samples_split': 2, 'n_estimators': 400}",-0.43916833537514977,-0.40238636681059814,-0.4250151556736609,-0.4166057592492668,-0.42929510036719054,-0.4224941434951733,0.012406715470692303,74
259.5833240032196,17.067520175425873,0.8973195552825928,0.11791645308692393,False,19,,2,500,"{'bootstrap': False, 'max_features': 19, 'min_samples_split': 2, 'n_estimators': 500}",-0.43904622585762776,-0.402429373152557,-0.4249467573869186,-0.41675896931408635,-0.43015776749299006,-0.42266781864083597,0.012442301191689643,76
29.62544240951538,4.122710560593889,0.7684054374694824,0.09562937338879841,False,19,,5,50,"{'bootstrap': False, 'max_features': 19, 'min_samples_split': 5, 'n_estimators': 50}",-0.42997170740393054,-0.3907620388802675,-0.41752177225160025,-0.41081239677562126,-0.41729922622878224,-0.41327342830804037,0.012852294192851945,44
54.31062774658203,4.4540549456869,0.7147199630737304,0.0932924519046371,False,19,,5,100,"{'bootstrap': False, 'max_features': 19, 'min_samples_split': 5, 'n_estimators': 100}",-0.43020912639476927,-0.3928616649153076,-0.41468119629283495,-0.40972753535378076,-0.41740641875569895,-0.4129771883424783,0.012121517573986145,41
99.5893431186676,6.649941859496871,0.8250839710235596,0.09425175131945973,False,19,,5,200,"{'bootstrap': False, 'max_features': 19, 'min_samples_split': 5, 'n_estimators': 200}",-0.42938331017127207,-0.3933434800835817,-0.41450590095539414,-0.4088442099574783,-0.41698937325204793,-0.41261325488395484,0.011743059192372885,35
151.00482726097107,6.302615596990309,0.8518034934997558,0.12309933962566003,False,19,,5,300,"{'bootstrap': False, 'max_features': 19, 'min_samples_split': 5, 'n_estimators': 300}",-0.42624002397964517,-0.39245472780303226,-0.4139943140409279,-0.409244816853273,-0.4168079134576867,-0.411748359226913,0.011128015881400298,26
204.91695408821107,14.929981699925145,0.7912556171417237,0.14845691522810958,False,19,,5,400,"{'bootstrap': False, 'max_features': 19, 'min_samples_split': 5, 'n_estimators': 400}",-0.4267474355244538,-0.3924960888131015,-0.4140545280786452,-0.4091231666932311,-0.4165556196138839,-0.41179536774466313,0.011233262748658605,27
247.6834792613983,14.518994471803785,0.6575021266937255,0.09816716842964573,False,19,,5,500,"{'bootstrap': False, 'max_features': 19, 'min_samples_split': 5, 'n_estimators': 500}",-0.4268031704729906,-0.3930021695485888,-0.4137781775596348,-0.4094178579286101,-0.4167565062694371,-0.4119515763558523,0.011067912347575308,30
27.34886245727539,2.4043773676063935,0.7281813621520996,0.11516917509180831,False,19,,10,50,"{'bootstrap': False, 'max_features': 19, 'min_samples_split': 10, 'n_estimators': 50}",-0.4114815245540331,-0.37845746596356206,-0.3957636984187681,-0.389982966342958,-0.39775559708474223,-0.39468825047281264,0.010753207171979503,1
52.487301445007326,2.8339947274611403,0.6550015926361084,0.1486334520071338,False,19,,10,100,"{'bootstrap': False, 'max_features': 19, 'min_samples_split': 10, 'n_estimators': 100}",-0.41269529644024955,-0.37916335699284054,-0.395345732811686,-0.39153256987388074,-0.4000377310674642,-0.3957549374372242,0.010941612882373398,5
96.8574686050415,5.404362236362778,0.5672599792480468,0.1895608791008884,False,19,,10,200,"{'bootstrap': False, 'max_features': 19, 'min_samples_split': 10, 'n_estimators': 200}",-0.4105864694111801,-0.37922718626389174,-0.3965899535907762,-0.39298109044583684,-0.40040384611359314,-0.39595770916505557,0.010226819140510601,6
140.05463075637817,5.932049927398467,0.641922903060913,0.19237962687491342,False,19,,10,300,"{'bootstrap': False, 'max_features': 19, 'min_samples_split': 10, 'n_estimators': 300}",-0.40948796139944704,-0.3791726493024088,-0.39579453425459665,-0.39217280962546697,-0.40044307105445187,-0.39541420512727427,0.00997797112421657,3
150.64216594696046,10.191433202342084,0.4429654121398926,0.12213730492730797,False,19,,10,400,"{'bootstrap': False, 'max_features': 19, 'min_samples_split': 10, 'n_estimators': 400}",-0.40946854078624834,-0.37955189089216923,-0.3956864739096745,-0.3925911445994864,-0.39933037200437393,-0.39532568443839045,0.009720888315264607,2
145.67059502601623,15.239047846400693,0.16539835929870605,0.11984540160195697,False,19,,10,500,"{'bootstrap': False, 'max_features': 19, 'min_samples_split': 10, 'n_estimators': 500}",-0.4094606200910121,-0.37960379206740313,-0.3965593183289539,-0.39284516549843984,-0.39932354710604406,-0.3955584886183706,0.009699082940096977,4
