"id","datasetKey","occurrenceID","kingdom","phylum","class","order","family","genus","species","infraspecificEpithet","taxonRank","scientificName","verbatimScientificName","verbatimScientificNameAuthorship","countryCode","occurrenceStatus","individualCount","publishingOrgKey","SiteLat","SiteLong","coordinateUncertaintyInMeters","SurveyDate","day","month","year","speciesKey","basisOfRecord","institutionCode","geom","geom_robin","species_classes","ecoregion","province","cell_index","subset"
3881527925,"50c9509d-22c7-4a22-a47d-8c48425ef4a7","https://www.inaturalist.org/observations/129001133","Animalia","Chordata","Actinopterygii","Perciformes","Blenniidae","Aidablennius","Aidablennius sphynx",,"SPECIES","Aidablennius sphynx (Valenciennes, 1836)","Aidablennius sphynx",,"ES","PRESENT",,"28eb1a3f-1c15-4a95-931a-4af90ecb574d",36.580161,-4.547494,12,2019-08-07T08:58:00,7,8,2019,2395596,"HUMAN_OBSERVATION","iNaturalist","POINT (-4.547494 36.580161)","POINT (-402341.70381545904 3912078.109091341)",0,"Alboran Sea","Mediterranean Sea",2569,"train"
3859712308,"50c9509d-22c7-4a22-a47d-8c48425ef4a7","https://www.inaturalist.org/observations/121245032","Animalia","Chordata","Actinopterygii","Perciformes","Blenniidae","Aidablennius","Aidablennius sphynx",,"SPECIES","Aidablennius sphynx (Valenciennes, 1836)","Aidablennius sphynx",,"HR","PRESENT",,"28eb1a3f-1c15-4a95-931a-4af90ecb574d",44.013738,15.272801,4,2018-06-21T13:34:00,21,6,2018,2395596,"HUMAN_OBSERVATION","iNaturalist","POINT (15.272801 44.013738)","POINT (1300729.294276034 4701238.606876458)",0,"Adriatic Sea","Mediterranean Sea",29495,"train"
3849197978,"8e9974a4-12e2-475f-9aec-5abdf24a1f50","26d5f4bb-f29d-4e40-afca-d964d4bff248","Animalia","Chordata","Actinopterygii","Perciformes","Blenniidae","Aidablennius","Aidablennius sphynx",,"SPECIES","Aidablennius sphynx (Valenciennes, 1836)","Aidablennius sphynx (Valenciennes, 1836)",,"FR","PRESENT",,"1928bdf0-f5d2-11dc-8c12-b8a03c50a862",42.48194,3.13611,13,2019-07-25T00:00:00,25,7,2019,2395596,"HUMAN_OBSERVATION",,"POINT (3.13611 42.48194)","POINT (269451.93829784374 4539494.145114869)",0,"Western Mediterranean","Mediterranean Sea",13151,"train"
3849167727,"8e9974a4-12e2-475f-9aec-5abdf24a1f50","e39be3be-108b-46c1-9b5e-10802bf73c57","Animalia","Chordata","Actinopterygii","Perciformes","Blenniidae","Aidablennius","Aidablennius sphynx",,"SPECIES","Aidablennius sphynx (Valenciennes, 1836)","Aidablennius sphynx (Valenciennes, 1836)",,"FR","PRESENT",,"1928bdf0-f5d2-11dc-8c12-b8a03c50a862",42.48194,3.13611,13,2019-07-25T00:00:00,25,7,2019,2395596,"HUMAN_OBSERVATION",,"POINT (3.13611 42.48194)","POINT (269451.93829784374 4539494.145114869)",1,"Western Mediterranean","Mediterranean Sea",13151,"train"
3830380947,"25e3e8f1-86ee-440c-adfc-8e63759a6505","c57c7def-c911-4f14-9f90-050cc494c95e","Animalia","Chordata","Actinopterygii","Perciformes","Blenniidae","Aidablennius","Aidablennius sphynx",,"SPECIES","Aidablennius sphynx (Valenciennes, 1836)","Aidablennius sphynx (Valenciennes, 1836)",,"FR","PRESENT",,"1928bdf0-f5d2-11dc-8c12-b8a03c50a862",42.4611,3.16021,13,2018-07-18T00:00:00,18,7,2018,2395596,"HUMAN_OBSERVATION",,"POINT (3.16021 42.4611)","POINT (271554.36128233187 4537289.90612646)",1,"Western Mediterranean","Mediterranean Sea",13308,"train"
3830353410,"25e3e8f1-86ee-440c-adfc-8e63759a6505","a24f7539-2cb3-4be9-aad1-6cedaa4072c2","Animalia","Chordata","Actinopterygii","Perciformes","Blenniidae","Aidablennius","Aidablennius sphynx",,"SPECIES","Aidablennius sphynx (Valenciennes, 1836)","Aidablennius sphynx (Valenciennes, 1836)",,"FR","PRESENT",,"1928bdf0-f5d2-11dc-8c12-b8a03c50a862",43.42079,6.75126,13,2014-09-27T00:00:00,27,9,2014,2395596,"HUMAN_OBSERVATION",,"POINT (6.75126 43.42079)","POINT (576967.8821813316 4638694.036265544)",1,"Western Mediterranean","Mediterranean Sea",18028,"train"
3830249013,"25e3e8f1-86ee-440c-adfc-8e63759a6505","31ff85d3-4f4c-40b5-8653-d157ff69f689","Animalia","Chordata","Actinopterygii","Perciformes","Blenniidae","Aidablennius","Aidablennius sphynx",,"SPECIES","Aidablennius sphynx (Valenciennes, 1836)","Aidablennius sphynx (Valenciennes, 1836)",,"FR","PRESENT",,"1928bdf0-f5d2-11dc-8c12-b8a03c50a862",43.40722,6.77506,13,2014-08-14T00:00:00,14,8,2014,2395596,"HUMAN_OBSERVATION",,"POINT (6.77506 43.40722)","POINT (579047.2170194646 4637261.671349657)",2,"Western Mediterranean","Mediterranean Sea",18028,"train"
3830242113,"25e3e8f1-86ee-440c-adfc-8e63759a6505","17af9066-a274-4204-8d3a-5813a5025c49","Animalia","Chordata","Actinopterygii","Perciformes","Blenniidae","Aidablennius","Aidablennius sphynx",,"SPECIES","Aidablennius sphynx (Valenciennes, 1836)","Aidablennius sphynx (Valenciennes, 1836)",,"FR","PRESENT",,"1928bdf0-f5d2-11dc-8c12-b8a03c50a862",43.69273,7.32166,13,2011-04-30T00:00:00,30,4,2011,2395596,"HUMAN_OBSERVATION",,"POINT (7.32166 43.69273)","POINT (624729.2828003396 4667389.051753826)",2,"Western Mediterranean","Mediterranean Sea",18816,"test"
3830240636,"25e3e8f1-86ee-440c-adfc-8e63759a6505","2038353f-c8a4-4813-ae05-088a9d496fd9","Animalia","Chordata","Actinopterygii","Perciformes","Blenniidae","Aidablennius","Aidablennius sphynx",,"SPECIES","Aidablennius sphynx (Valenciennes, 1836)","Aidablennius sphynx (Valenciennes, 1836)",,"FR","PRESENT",,"1928bdf0-f5d2-11dc-8c12-b8a03c50a862",43.21331,3.24101,13,2015-04-19T00:00:00,19,4,2015,2395596,"HUMAN_OBSERVATION",,"POINT (3.24101 43.21331)","POINT (277310.3510448379 4616788.983921754)",2,"Western Mediterranean","Mediterranean Sea",13316,"test"
3830201612,"25e3e8f1-86ee-440c-adfc-8e63759a6505","e6509de0-4648-4ca8-a89b-2258ce6262dd","Animalia","Chordata","Actinopterygii","Perciformes","Blenniidae","Aidablennius","Aidablennius sphynx",,"SPECIES","Aidablennius sphynx (Valenciennes, 1836)","Aidablennius sphynx (Valenciennes, 1836)",,"FR","PRESENT",,"1928bdf0-f5d2-11dc-8c12-b8a03c50a862",43.42472,3.7,13,2015-10-25T00:00:00,25,10,2015,2395596,"HUMAN_OBSERVATION",,"POINT (3.7 43.42472)","POINT (316197.6743673026 4639108.854489108)",3,"Western Mediterranean","Mediterranean Sea",13946,"train"
3830138155,"25e3e8f1-86ee-440c-adfc-8e63759a6505","9dd4a084-cf98-4bc1-91c8-ce6d29a0d789","Animalia","Chordata","Actinopterygii","Perciformes","Blenniidae","Aidablennius","Aidablennius sphynx",,"SPECIES","Aidablennius sphynx (Valenciennes, 1836)","Aidablennius sphynx (Valenciennes, 1836)",,"FR","PRESENT",,"1928bdf0-f5d2-11dc-8c12-b8a03c50a862",43.59267,7.12785,13,2012-08-18T00:00:00,18,8,2012,2395596,"HUMAN_OBSERVATION",,"POINT (7.12785 43.59267)","POINT (608545.8174172998 4656832.820412056)",3,"Western Mediterranean","Mediterranean Sea",18501,"test"
3830099011,"25e3e8f1-86ee-440c-adfc-8e63759a6505","661de37b-4150-45c5-b7db-e217faf8c76c","Animalia","Chordata","Actinopterygii","Perciformes","Blenniidae","Aidablennius","Aidablennius sphynx",,"SPECIES","Aidablennius sphynx (Valenciennes, 1836)","Aidablennius sphynx (Valenciennes, 1836)",,"FR","PRESENT",,"1928bdf0-f5d2-11dc-8c12-b8a03c50a862",43.42079,6.75126,13,2015-08-16T00:00:00,16,8,2015,2395596,"HUMAN_OBSERVATION",,"POINT (6.75126 43.42079)","POINT (576967.8821813316 4638694.036265544)",3,"Western Mediterranean","Mediterranean Sea",18028,"train"
3830044653,"25e3e8f1-86ee-440c-adfc-8e63759a6505","0501f500-883e-40f2-95de-d57b2afc84e3","Animalia","Chordata","Actinopterygii","Perciformes","Blenniidae","Aidablennius","Aidablennius sphynx",,"SPECIES","Aidablennius sphynx (Valenciennes, 1836)","Aidablennius sphynx (Valenciennes, 1836)",,"FR","PRESENT",,"1928bdf0-f5d2-11dc-8c12-b8a03c50a862",43.69435,7.32011,13,2011-04-30T00:00:00,30,4,2011,2395596,"HUMAN_OBSERVATION",,"POINT (7.32011 43.69435)","POINT (624591.1419970429 4667559.9402391)",4,"Western Mediterranean","Mediterranean Sea",18816,"test"
3830040418,"25e3e8f1-86ee-440c-adfc-8e63759a6505","019cf459-8690-49a2-85db-e0d30e41f9d2","Animalia","Chordata","Actinopterygii","Perciformes","Blenniidae","Aidablennius","Aidablennius sphynx",,"SPECIES","Aidablennius sphynx (Valenciennes, 1836)","Aidablennius sphynx (Valenciennes, 1836)",,"FR","PRESENT",,"1928bdf0-f5d2-11dc-8c12-b8a03c50a862",43.59267,7.12785,13,2012-08-19T00:00:00,19,8,2012,2395596,"HUMAN_OBSERVATION",,"POINT (7.12785 43.59267)","POINT (608545.8174172998 4656832.820412056)",4,"Western Mediterranean","Mediterranean Sea",18501,"test"
3802423704,"50c9509d-22c7-4a22-a47d-8c48425ef4a7","https://www.inaturalist.org/observations/118073280","Animalia","Chordata","Actinopterygii","Perciformes","Blenniidae","Aidablennius","Aidablennius sphynx",,"SPECIES","Aidablennius sphynx (Valenciennes, 1836)","Aidablennius sphynx",,"HR","PRESENT",,"28eb1a3f-1c15-4a95-931a-4af90ecb574d",45.30439,14.487816,2,2016-07-01T16:56:00,1,7,2016,2395596,"HUMAN_OBSERVATION","iNaturalist","POINT (14.487816 45.30439)","POINT (1224447.1979409566 4837069.150738286)",4,"Adriatic Sea","Mediterranean Sea",28253,"train"
3802333628,"50c9509d-22c7-4a22-a47d-8c48425ef4a7","https://www.inaturalist.org/observations/118111443","Animalia","Chordata","Actinopterygii","Perciformes","Blenniidae","Aidablennius","Aidablennius sphynx",,"SPECIES","Aidablennius sphynx (Valenciennes, 1836)","Aidablennius sphynx",,"HR","PRESENT",,"28eb1a3f-1c15-4a95-931a-4af90ecb574d",45.298749,14.492425,2,2014-08-01T13:56:00,1,8,2014,2395596,"HUMAN_OBSERVATION","iNaturalist","POINT (14.492425 45.298749)","POINT (1224878.3088677647 4836476.434445982)",5,"Adriatic Sea","Mediterranean Sea",28253,"train"
3785180670,"50c9509d-22c7-4a22-a47d-8c48425ef4a7","https://www.inaturalist.org/observations/117553941","Animalia","Chordata","Actinopterygii","Perciformes","Blenniidae","Aidablennius","Aidablennius sphynx",,"SPECIES","Aidablennius sphynx (Valenciennes, 1836)","Aidablennius sphynx",,"HR","PRESENT",,"28eb1a3f-1c15-4a95-931a-4af90ecb574d",45.097366,14.840081,4,2019-08-11T16:17:00,11,8,2019,2395596,"HUMAN_OBSERVATION","iNaturalist","POINT (14.840081 45.097366)","POINT (1255779.5113965466 4815310.849051083)",5,"Adriatic Sea","Mediterranean Sea",28722,"train"
3764534503,"50c9509d-22c7-4a22-a47d-8c48425ef4a7","https://www.inaturalist.org/observations/112382003","Animalia","Chordata","Actinopterygii","Perciformes","Blenniidae","Aidablennius","Aidablennius sphynx",,"SPECIES","Aidablennius sphynx (Valenciennes, 1836)","Aidablennius sphynx",,"ES","PRESENT",,"28eb1a3f-1c15-4a95-931a-4af90ecb574d",41.721561,2.937932,61,2015-05-31T12:50:00,31,5,2015,2395596,"HUMAN_OBSERVATION","iNaturalist","POINT (2.937932 41.721561)","POINT (253491.0208198935 4459008.380347686)",5,"Western Mediterranean","Mediterranean Sea",12986,"val"
3712575633,"50c9509d-22c7-4a22-a47d-8c48425ef4a7","https://www.inaturalist.org/observations/107949111","Animalia","Chordata","Actinopterygii","Perciformes","Blenniidae","Aidablennius","Aidablennius sphynx",,"SPECIES","Aidablennius sphynx (Valenciennes, 1836)","Aidablennius sphynx",,"FR","PRESENT",,"28eb1a3f-1c15-4a95-931a-4af90ecb574d",43.545018,3.986394,8,2016-07-24T10:39:00,24,7,2016,2395596,"HUMAN_OBSERVATION","iNaturalist","POINT (3.986394 43.545018)","POINT (340435.57340624166 4651804.733431191)",6,"Western Mediterranean","Mediterranean Sea",14418,"train"
3466434160,"50c9509d-22c7-4a22-a47d-8c48425ef4a7","https://www.inaturalist.org/observations/105981720","Animalia","Chordata","Actinopterygii","Perciformes","Blenniidae","Aidablennius","Aidablennius sphynx",,"SPECIES","Aidablennius sphynx (Valenciennes, 1836)","Aidablennius sphynx",,"GR","PRESENT",,"28eb1a3f-1c15-4a95-931a-4af90ecb574d",40.012157,23.547858,15,2014-06-21T12:32:00,21,6,2014,2395596,"HUMAN_OBSERVATION","iNaturalist","POINT (23.547858 40.012157)","POINT (2050182.279782662 4277643.375858668)",6,"Aegean Sea","Mediterranean Sea",41228,"val"
3466163669,"50c9509d-22c7-4a22-a47d-8c48425ef4a7","https://www.inaturalist.org/observations/105608817","Animalia","Chordata","Actinopterygii","Perciformes","Blenniidae","Aidablennius","Aidablennius sphynx",,"SPECIES","Aidablennius sphynx (Valenciennes, 1836)","Aidablennius sphynx",,"HR","PRESENT",,"28eb1a3f-1c15-4a95-931a-4af90ecb574d",45.147874,14.663586,71,2016-07-11T14:14:00,11,7,2016,2395596,"HUMAN_OBSERVATION","iNaturalist","POINT (14.663586 45.147874)","POINT (1240468.5831539514 4820620.331610891)",6,"Adriatic Sea","Mediterranean Sea",28565,"val"
3466125732,"50c9509d-22c7-4a22-a47d-8c48425ef4a7","https://www.inaturalist.org/observations/105355823","Animalia","Chordata","Actinopterygii","Perciformes","Blenniidae","Aidablennius","Aidablennius sphynx",,"SPECIES","Aidablennius sphynx (Valenciennes, 1836)","Aidablennius sphynx",,"FR","PRESENT",,"28eb1a3f-1c15-4a95-931a-4af90ecb574d",43.329268,5.04412,31,2018-08-19T17:04:00,19,8,2018,2395596,"HUMAN_OBSERVATION","iNaturalist","POINT (5.04412 43.329268)","POINT (431302.0026635297 4629032.697230073)",7,"Western Mediterranean","Mediterranean Sea",15829,"train"
3456091255,"50c9509d-22c7-4a22-a47d-8c48425ef4a7","https://www.inaturalist.org/observations/103438008","Animalia","Chordata","Actinopterygii","Perciformes","Blenniidae","Aidablennius","Aidablennius sphynx",,"SPECIES","Aidablennius sphynx (Valenciennes, 1836)","Aidablennius sphynx",,"FR","PRESENT",,"28eb1a3f-1c15-4a95-931a-4af90ecb574d",42.561641,8.727653,51,2013-07-23T22:40:00,23,7,2013,2395596,"HUMAN_OBSERVATION","iNaturalist","POINT (8.727653 42.561641)","POINT (749536.5975110678 4547923.204074235)",7,"Western Mediterranean","Mediterranean Sea",20688,"test"
3302330079,"50c9509d-22c7-4a22-a47d-8c48425ef4a7","https://www.inaturalist.org/observations/82458919","Animalia","Chordata","Actinopterygii","Perciformes","Blenniidae","Aidablennius","Aidablennius sphynx",,"SPECIES","Aidablennius sphynx (Valenciennes, 1836)","Aidablennius sphynx",,"FR","PRESENT",,"28eb1a3f-1c15-4a95-931a-4af90ecb574d",42.414229,9.538596,2,2019-07-07T11:47:00,7,7,2019,2395596,"HUMAN_OBSERVATION","iNaturalist","POINT (9.538596 42.414229)","POINT (819859.5383557654 4532332.028539577)",7,"Western Mediterranean","Mediterranean Sea",21942,"train"
3097152320,"50c9509d-22c7-4a22-a47d-8c48425ef4a7","https://www.inaturalist.org/observations/15816260","Animalia","Chordata","Actinopterygii","Perciformes","Blenniidae","Aidablennius","Aidablennius sphynx",,"SPECIES","Aidablennius sphynx (Valenciennes, 1836)","Aidablennius sphynx",,"IT","PRESENT",,"28eb1a3f-1c15-4a95-931a-4af90ecb574d",43.463879,10.354439,92,2018-08-17T16:55:00,17,8,2018,2395596,"HUMAN_OBSERVATION","iNaturalist","POINT (10.354439 43.463879)","POINT (884678.0366097252 4643241.953280773)",8,"Western Mediterranean","Mediterranean Sea",22895,"train"
3079913837,"50c9509d-22c7-4a22-a47d-8c48425ef4a7","https://www.inaturalist.org/observations/73096588","Animalia","Chordata","Actinopterygii","Perciformes","Blenniidae","Aidablennius","Aidablennius sphynx",,"SPECIES","Aidablennius sphynx (Valenciennes, 1836)","Aidablennius sphynx",,"GR","PRESENT",,"28eb1a3f-1c15-4a95-931a-4af90ecb574d",40.081084,23.447732,61,2017-08-24T00:00:00,24,8,2017,2395596,"HUMAN_OBSERVATION","iNaturalist","POINT (23.447732 40.081084)","POINT (2040749.1677467895 4284967.003189906)",8,"Aegean Sea","Mediterranean Sea",41072,"test"
3070760740,"50c9509d-22c7-4a22-a47d-8c48425ef4a7","https://www.inaturalist.org/observations/72544354","Animalia","Chordata","Actinopterygii","Perciformes","Blenniidae","Aidablennius","Aidablennius sphynx",,"SPECIES","Aidablennius sphynx (Valenciennes, 1836)","Aidablennius sphynx",,"GR","PRESENT",,"28eb1a3f-1c15-4a95-931a-4af90ecb574d",37.103738,25.374573,8,2016-04-03T00:00:00,3,4,2016,2395596,"HUMAN_OBSERVATION","iNaturalist","POINT (25.374573 37.103738)","POINT (2239886.9921683567 3967945.7934767767)",8,"Aegean Sea","Mediterranean Sea",44180,"train"
2984537510,"50c9509d-22c7-4a22-a47d-8c48425ef4a7","https://www.inaturalist.org/observations/62780216","Animalia","Chordata","Actinopterygii","Perciformes","Blenniidae","Aidablennius","Aidablennius sphynx",,"SPECIES","Aidablennius sphynx (Valenciennes, 1836)","Aidablennius sphynx",,"HR","PRESENT",,"28eb1a3f-1c15-4a95-931a-4af90ecb574d",43.586284,15.919769,39,2015-06-14T11:28:56,14,6,2015,2395596,"HUMAN_OBSERVATION","iNaturalist","POINT (15.919769 43.586284)","POINT (1359213.1887172107 4656159.021733381)",9,"Adriatic Sea","Mediterranean Sea",30276,"val"
2981025108,"50c9509d-22c7-4a22-a47d-8c48425ef4a7","https://www.inaturalist.org/observations/64144933","Animalia","Chordata","Actinopterygii","Perciformes","Blenniidae","Aidablennius","Aidablennius sphynx",,"SPECIES","Aidablennius sphynx (Valenciennes, 1836)","Aidablennius sphynx",,"FR","PRESENT",,"28eb1a3f-1c15-4a95-931a-4af90ecb574d",42.614533,8.876017,5,2017-08-13T15:35:00,13,8,2017,2395596,"HUMAN_OBSERVATION","iNaturalist","POINT (8.876017 42.614533)","POINT (762051.0130100828 4553516.204583306)",9,"Western Mediterranean","Mediterranean Sea",21002,"train"
2868351710,"50c9509d-22c7-4a22-a47d-8c48425ef4a7","https://www.inaturalist.org/observations/60536951","Animalia","Chordata","Actinopterygii","Perciformes","Blenniidae","Aidablennius","Aidablennius sphynx",,"SPECIES","Aidablennius sphynx (Valenciennes, 1836)","Aidablennius sphynx",,"FR","PRESENT",,"28eb1a3f-1c15-4a95-931a-4af90ecb574d",43.412888,6.810836,8,2016-07-02T10:09:00,2,7,2016,2395596,"HUMAN_OBSERVATION","iNaturalist","POINT (6.810836 43.412888)","POINT (582085.8528576785 4637859.955542372)",9,"Western Mediterranean","Mediterranean Sea",18185,"train"
2868199842,"50c9509d-22c7-4a22-a47d-8c48425ef4a7","https://www.inaturalist.org/observations/60536733","Animalia","Chordata","Actinopterygii","Perciformes","Blenniidae","Aidablennius","Aidablennius sphynx",,"SPECIES","Aidablennius sphynx (Valenciennes, 1836)","Aidablennius sphynx",,"FR","PRESENT",,"28eb1a3f-1c15-4a95-931a-4af90ecb574d",43.67681,7.324064,4,2016-03-19T13:49:00,19,3,2016,2395596,"HUMAN_OBSERVATION","iNaturalist","POINT (7.324064 43.67681)","POINT (624992.2632970135 4665709.669348374)",10,"Western Mediterranean","Mediterranean Sea",18816,"test"
2840470705,"8a863029-f435-446a-821e-275f4f641165","https://observation.org/observation/156888408","Animalia","Chordata","Actinopterygii","Perciformes","Blenniidae","Aidablennius","Aidablennius sphynx",,"SPECIES","Aidablennius sphynx (Valenciennes, 1836)","Aidablennius sphynx",,"FR","PRESENT",1,"c8d737e0-2ff8-42e8-b8fc-6b805d26fc5f",42.473904,3.154162,10,2018-05-18T00:00:00,18,5,2018,2395596,"HUMAN_OBSERVATION",,"POINT (3.154162 42.473904)","POINT (271015.18077591213 4538644.1917559225)",10,"Western Mediterranean","Mediterranean Sea",13308,"train"
2839977477,"8a863029-f435-446a-821e-275f4f641165","https://observation.org/observation/122897295","Animalia","Chordata","Actinopterygii","Perciformes","Blenniidae","Aidablennius","Aidablennius sphynx",,"SPECIES","Aidablennius sphynx (Valenciennes, 1836)","Aidablennius sphynx",,"ES","PRESENT",2,"c8d737e0-2ff8-42e8-b8fc-6b805d26fc5f",42.2976,3.2891,100,2016-07-31T00:00:00,31,7,2016,2395596,"HUMAN_OBSERVATION",,"POINT (3.2891 42.2976)","POINT (282888.55156599474 4519993.263916862)",10,"Western Mediterranean","Mediterranean Sea",13463,"val"
2838836268,"8a863029-f435-446a-821e-275f4f641165","https://observation.org/observation/72462760","Animalia","Chordata","Actinopterygii","Perciformes","Blenniidae","Aidablennius","Aidablennius sphynx",,"SPECIES","Aidablennius sphynx (Valenciennes, 1836)","Aidablennius sphynx",,"ES","PRESENT",1,"c8d737e0-2ff8-42e8-b8fc-6b805d26fc5f",39.79365,2.687166,10,2012-09-12T00:00:00,12,9,2012,2395596,"HUMAN_OBSERVATION",,"POINT (2.687166 39.79365)","POINT (234215.10915649927 4254419.258857688)",11,"Western Mediterranean","Mediterranean Sea",12652,"train"
2832473359,"8a863029-f435-446a-821e-275f4f641165","https://observation.org/observation/81144337","Animalia","Chordata","Actinopterygii","Perciformes","Blenniidae","Aidablennius","Aidablennius sphynx",,"SPECIES","Aidablennius sphynx (Valenciennes, 1836)","Aidablennius sphynx",,"IT","PRESENT",1,"c8d737e0-2ff8-42e8-b8fc-6b805d26fc5f",44.215617,9.514361,10,2013-07-16T00:00:00,16,7,2013,2395596,"HUMAN_OBSERVATION",,"POINT (9.514361 44.215617)","POINT (809343.1630468647 4722513.22271113)",11,"Western Mediterranean","Mediterranean Sea",21647,"train"
2832337463,"8a863029-f435-446a-821e-275f4f641165","https://observation.org/observation/61314213","Animalia","Chordata","Actinopterygii","Perciformes","Blenniidae","Aidablennius","Aidablennius sphynx",,"SPECIES","Aidablennius sphynx (Valenciennes, 1836)","Aidablennius sphynx",,"ES","PRESENT",1,"c8d737e0-2ff8-42e8-b8fc-6b805d26fc5f",39.794886,2.696323,10,2011-09-26T00:00:00,26,9,2011,2395596,"HUMAN_OBSERVATION",,"POINT (2.696323 39.794886)","POINT (235011.7798428612 4254550.63984596)",11,"Western Mediterranean","Mediterranean Sea",12652,"train"
2802935085,"50c9509d-22c7-4a22-a47d-8c48425ef4a7","https://www.inaturalist.org/observations/49362905","Animalia","Chordata","Actinopterygii","Perciformes","Blenniidae","Aidablennius","Aidablennius sphynx",,"SPECIES","Aidablennius sphynx (Valenciennes, 1836)","Aidablennius sphynx",,"GR","PRESENT",,"28eb1a3f-1c15-4a95-931a-4af90ecb574d",39.211743,23.33245,4,2020-06-12T14:53:00,12,6,2020,2395596,"HUMAN_OBSERVATION","iNaturalist","POINT (23.33245 39.211743)","POINT (2039540.618436536 4192536.8831157284)",12,"Aegean Sea","Mediterranean Sea",40905,"val"
2641433309,"50c9509d-22c7-4a22-a47d-8c48425ef4a7","https://www.inaturalist.org/observations/48961928","Animalia","Chordata","Actinopterygii","Perciformes","Blenniidae","Aidablennius","Aidablennius sphynx",,"SPECIES","Aidablennius sphynx (Valenciennes, 1836)","Aidablennius sphynx",,"HR","PRESENT",,"28eb1a3f-1c15-4a95-931a-4af90ecb574d",43.523575,15.97394,8,2013-06-23T15:02:00,23,6,2013,2395596,"HUMAN_OBSERVATION","iNaturalist","POINT (15.97394 43.523575)","POINT (1364334.0133759396 4649541.958753652)",12,"Adriatic Sea","Mediterranean Sea",30432,"train"
2641397552,"50c9509d-22c7-4a22-a47d-8c48425ef4a7","https://www.inaturalist.org/observations/49135438","Animalia","Chordata","Actinopterygii","Perciformes","Blenniidae","Aidablennius","Aidablennius sphynx",,"SPECIES","Aidablennius sphynx (Valenciennes, 1836)","Aidablennius sphynx",,"IT","PRESENT",,"28eb1a3f-1c15-4a95-931a-4af90ecb574d",42.180065,14.686426,4,2020-06-10T11:40:00,10,6,2020,2395596,"HUMAN_OBSERVATION","iNaturalist","POINT (14.686426 42.180065)","POINT (1263975.8847940261 4507555.65642508)",12,"Adriatic Sea","Mediterranean Sea",28848,"train"
2641302281,"50c9509d-22c7-4a22-a47d-8c48425ef4a7","https://www.inaturalist.org/observations/48956102","Animalia","Chordata","Actinopterygii","Perciformes","Blenniidae","Aidablennius","Aidablennius sphynx",,"SPECIES","Aidablennius sphynx (Valenciennes, 1836)","Aidablennius sphynx",,"HR","PRESENT",,"28eb1a3f-1c15-4a95-931a-4af90ecb574d",43.54486,15.934637,2,2017-08-03T00:00:00,3,8,2017,2395596,"HUMAN_OBSERVATION","iNaturalist","POINT (15.934637 43.54486)","POINT (1360809.3555966858 4651788.06086867)",13,"Adriatic Sea","Mediterranean Sea",30432,"train"
2633974107,"50c9509d-22c7-4a22-a47d-8c48425ef4a7","https://www.inaturalist.org/observations/46997580","Animalia","Chordata","Actinopterygii","Perciformes","Blenniidae","Aidablennius","Aidablennius sphynx",,"SPECIES","Aidablennius sphynx (Valenciennes, 1836)","Aidablennius sphynx",,"IT","PRESENT",,"28eb1a3f-1c15-4a95-931a-4af90ecb574d",40.361316,17.31793,22,2020-05-23T16:49:46,23,5,2020,2395596,"HUMAN_OBSERVATION","iNaturalist","POINT (17.31793 40.361316)","POINT (1505082.7155559983 4314733.434353126)",13,"Ionian Sea","Mediterranean Sea",32597,"train"
2626206116,"50c9509d-22c7-4a22-a47d-8c48425ef4a7","https://www.inaturalist.org/observations/45701542","Animalia","Chordata","Actinopterygii","Perciformes","Blenniidae","Aidablennius","Aidablennius sphynx",,"SPECIES","Aidablennius sphynx (Valenciennes, 1836)","Aidablennius sphynx",,"GR","PRESENT",,"28eb1a3f-1c15-4a95-931a-4af90ecb574d",39.209947,23.333811,17,2020-05-12T14:11:00,12,5,2020,2395596,"HUMAN_OBSERVATION","iNaturalist","POINT (23.333811 39.209947)","POINT (2039677.4717522433 4192345.8036863166)",13,"Aegean Sea","Mediterranean Sea",40905,"val"
2619892667,"50c9509d-22c7-4a22-a47d-8c48425ef4a7","https://www.inaturalist.org/observations/44483933","Animalia","Chordata","Actinopterygii","Perciformes","Blenniidae","Aidablennius","Aidablennius sphynx",,"SPECIES","Aidablennius sphynx (Valenciennes, 1836)","Aidablennius sphynx",,"IT","PRESENT",,"28eb1a3f-1c15-4a95-931a-4af90ecb574d",40.896315,9.71058,61,2020-02-11T12:27:00,11,2,2020,2395596,"HUMAN_OBSERVATION","iNaturalist","POINT (9.71058 40.896315)","POINT (841578.7140693974 4371521.18163339)",14,"Western Mediterranean","Mediterranean Sea",22240,"train"
2596399225,"50c9509d-22c7-4a22-a47d-8c48425ef4a7","https://www.inaturalist.org/observations/40743279","Animalia","Chordata","Actinopterygii","Perciformes","Blenniidae","Aidablennius","Aidablennius sphynx",,"SPECIES","Aidablennius sphynx (Valenciennes, 1836)","Aidablennius sphynx",,"IT","PRESENT",,"28eb1a3f-1c15-4a95-931a-4af90ecb574d",43.837068,7.896561,15,2016-07-18T09:07:00,18,7,2016,2395596,"HUMAN_OBSERVATION","iNaturalist","POINT (7.896561 43.837068)","POINT (673216.9607738088 4682612.288023025)",14,"Western Mediterranean","Mediterranean Sea",19602,"train"
2573933002,"50c9509d-22c7-4a22-a47d-8c48425ef4a7","https://www.inaturalist.org/observations/38640606","Animalia","Chordata","Actinopterygii","Perciformes","Blenniidae","Aidablennius","Aidablennius sphynx",,"SPECIES","Aidablennius sphynx (Valenciennes, 1836)","Aidablennius sphynx",,"FR","PRESENT",,"28eb1a3f-1c15-4a95-931a-4af90ecb574d",43.545577,7.03199,2,2018-08-31T12:23:00,31,8,2018,2395596,"HUMAN_OBSERVATION","iNaturalist","POINT (7.03199 43.545577)","POINT (600525.6364538022 4651863.720487246)",14,"Western Mediterranean","Mediterranean Sea",18500,"train"
2549978754,"50c9509d-22c7-4a22-a47d-8c48425ef4a7","https://www.inaturalist.org/observations/29650308","Animalia","Chordata","Actinopterygii","Perciformes","Blenniidae","Aidablennius","Aidablennius sphynx",,"SPECIES","Aidablennius sphynx (Valenciennes, 1836)","Aidablennius sphynx",,"HR","PRESENT",,"28eb1a3f-1c15-4a95-931a-4af90ecb574d",43.323324,16.431407,35,2019-07-23T09:01:02,23,7,2019,2395596,"HUMAN_OBSERVATION","iNaturalist","POINT (16.431407 43.323324)","POINT (1405030.2922597267 4628405.162132323)",15,"Adriatic Sea","Mediterranean Sea",31058,"train"
2488068640,"72a17f09-ceaa-4420-aff3-3bb99564774e","82e3c9e2-ee5c-24f6-e053-2614a8c008ee","Animalia","Chordata","Actinopterygii","Perciformes","Blenniidae","Aidablennius","Aidablennius sphynx",,"SPECIES","Aidablennius sphynx (Valenciennes, 1836)","Aidablennius sphynx (Valenciennes, 1836)",,"FR","PRESENT",,"1928bdf0-f5d2-11dc-8c12-b8a03c50a862",42.47995,8.64887,50,2011-06-21T00:00:00,21,6,2011,2395596,"HUMAN_OBSERVATION",,"POINT (8.64887 42.47995)","POINT (743111.9543581033 4539283.667698906)",15,"Western Mediterranean","Mediterranean Sea",20687,"val"
2488050006,"72a17f09-ceaa-4420-aff3-3bb99564774e","82e3c9e2-d34c-24f6-e053-2614a8c008ee","Animalia","Chordata","Actinopterygii","Perciformes","Blenniidae","Aidablennius","Aidablennius sphynx",,"SPECIES","Aidablennius sphynx (Valenciennes, 1836)","Aidablennius sphynx (Valenciennes, 1836)",,"FR","PRESENT",,"1928bdf0-f5d2-11dc-8c12-b8a03c50a862",42.38752,8.58263,50,2011-06-21T00:00:00,21,6,2011,2395596,"HUMAN_OBSERVATION",,"POINT (8.58263 42.38752)","POINT (737802.9087843602 4529506.612609749)",15,"Western Mediterranean","Mediterranean Sea",20529,"train"
2459996503,"50c9509d-22c7-4a22-a47d-8c48425ef4a7","https://www.inaturalist.org/observations/24995809","Animalia","Chordata","Actinopterygii","Perciformes","Blenniidae","Aidablennius","Aidablennius sphynx",,"SPECIES","Aidablennius sphynx (Valenciennes, 1836)","Aidablennius sphynx",,"ES","PRESENT",,"28eb1a3f-1c15-4a95-931a-4af90ecb574d",41.390337,2.205342,50,2019-05-12T12:56:06,12,5,2019,2395596,"HUMAN_OBSERVATION","iNaturalist","POINT (2.205342 41.390337)","POINT (190624.4334412552 4423910.558056855)",16,"Western Mediterranean","Mediterranean Sea",12040,"train"
2451730836,"50c9509d-22c7-4a22-a47d-8c48425ef4a7","https://www.inaturalist.org/observations/35334184","Animalia","Chordata","Actinopterygii","Perciformes","Blenniidae","Aidablennius","Aidablennius sphynx",,"SPECIES","Aidablennius sphynx (Valenciennes, 1836)","Aidablennius sphynx",,"ES","PRESENT",,"28eb1a3f-1c15-4a95-931a-4af90ecb574d",41.77127,3.030569,4,2019-03-01T13:30:00,1,3,2019,2395596,"HUMAN_OBSERVATION","iNaturalist","POINT (3.030569 41.77127)","POINT (261412.79406373348 4464273.799586388)",16,"Western Mediterranean","Mediterranean Sea",13143,"test"
2444963665,"50c9509d-22c7-4a22-a47d-8c48425ef4a7","https://www.inaturalist.org/observations/34535439","Animalia","Chordata","Actinopterygii","Perciformes","Blenniidae","Aidablennius","Aidablennius sphynx",,"SPECIES","Aidablennius sphynx (Valenciennes, 1836)","Aidablennius sphynx",,"FR","PRESENT",,"28eb1a3f-1c15-4a95-931a-4af90ecb574d",42.480598,3.14251,4,2019-07-25T15:42:00,25,7,2019,2395596,"HUMAN_OBSERVATION","iNaturalist","POINT (3.14251 42.480598)","POINT (270003.85592065967 4539352.205164509)",16,"Western Mediterranean","Mediterranean Sea",13308,"train"
2429574038,"50c9509d-22c7-4a22-a47d-8c48425ef4a7","https://www.inaturalist.org/observations/34311815","Animalia","Chordata","Actinopterygii","Perciformes","Blenniidae","Aidablennius","Aidablennius sphynx",,"SPECIES","Aidablennius sphynx (Valenciennes, 1836)","Aidablennius sphynx",,"GR","PRESENT",,"28eb1a3f-1c15-4a95-931a-4af90ecb574d",39.171011,23.343957,31,2019-10-13T13:38:00,13,10,2019,2395596,"HUMAN_OBSERVATION","iNaturalist","POINT (23.343957 39.171011)","POINT (2040951.9295185227 4188203.212311755)",17,"Aegean Sea","Mediterranean Sea",41062,"train"
2423107820,"50c9509d-22c7-4a22-a47d-8c48425ef4a7","https://www.inaturalist.org/observations/32864732","Animalia","Chordata","Actinopterygii","Perciformes","Blenniidae","Aidablennius","Aidablennius sphynx",,"SPECIES","Aidablennius sphynx (Valenciennes, 1836)","Aidablennius sphynx",,"IT","PRESENT",,"28eb1a3f-1c15-4a95-931a-4af90ecb574d",44.241472,8.445096,4,2019-09-16T12:52:00,16,9,2019,2395596,"HUMAN_OBSERVATION","iNaturalist","POINT (8.445096 44.241472)","POINT (718276.2727843332 4725237.16220323)",17,"Western Mediterranean","Mediterranean Sea",20235,"val"
2423107055,"50c9509d-22c7-4a22-a47d-8c48425ef4a7","https://www.inaturalist.org/observations/32865415","Animalia","Chordata","Actinopterygii","Perciformes","Blenniidae","Aidablennius","Aidablennius sphynx",,"SPECIES","Aidablennius sphynx (Valenciennes, 1836)","Aidablennius sphynx",,"IT","PRESENT",,"28eb1a3f-1c15-4a95-931a-4af90ecb574d",44.241402,8.445127,3,2019-09-16T09:47:00,16,9,2019,2395596,"HUMAN_OBSERVATION","iNaturalist","POINT (8.445127 44.241402)","POINT (718279.2056878498 4725229.787618714)",17,"Western Mediterranean","Mediterranean Sea",20235,"val"
2397621840,"50c9509d-22c7-4a22-a47d-8c48425ef4a7","https://www.inaturalist.org/observations/31746982","Animalia","Chordata","Actinopterygii","Perciformes","Blenniidae","Aidablennius","Aidablennius sphynx",,"SPECIES","Aidablennius sphynx (Valenciennes, 1836)","Aidablennius sphynx",,"GR","PRESENT",,"28eb1a3f-1c15-4a95-931a-4af90ecb574d",39.21006,23.33385,4,2019-08-29T16:55:00,29,8,2019,2395596,"HUMAN_OBSERVATION","iNaturalist","POINT (23.33385 39.21006)","POINT (2039679.7555956263 4192357.825959484)",18,"Aegean Sea","Mediterranean Sea",40905,"val"
2397552474,"50c9509d-22c7-4a22-a47d-8c48425ef4a7","https://www.inaturalist.org/observations/31466947","Animalia","Chordata","Actinopterygii","Perciformes","Blenniidae","Aidablennius","Aidablennius sphynx",,"SPECIES","Aidablennius sphynx (Valenciennes, 1836)","Aidablennius sphynx",,"FR","PRESENT",,"28eb1a3f-1c15-4a95-931a-4af90ecb574d",43.519536,3.915738,2,2019-08-23T11:11:00,23,8,2019,2395596,"HUMAN_OBSERVATION","iNaturalist","POINT (3.915738 43.519536)","POINT (334450.9551439995 4649115.73055788)",18,"Western Mediterranean","Mediterranean Sea",14261,"train"
2397552176,"50c9509d-22c7-4a22-a47d-8c48425ef4a7","https://www.inaturalist.org/observations/31466478","Animalia","Chordata","Actinopterygii","Perciformes","Blenniidae","Aidablennius","Aidablennius sphynx",,"SPECIES","Aidablennius sphynx (Valenciennes, 1836)","Aidablennius sphynx",,"FR","PRESENT",,"28eb1a3f-1c15-4a95-931a-4af90ecb574d",43.519559,3.915772,8,2019-08-23T11:04:00,23,8,2019,2395596,"HUMAN_OBSERVATION","iNaturalist","POINT (3.915772 43.519559)","POINT (334453.8146102301 4649118.157716373)",18,"Western Mediterranean","Mediterranean Sea",14261,"train"
2397551987,"50c9509d-22c7-4a22-a47d-8c48425ef4a7","https://www.inaturalist.org/observations/31466946","Animalia","Chordata","Actinopterygii","Perciformes","Blenniidae","Aidablennius","Aidablennius sphynx",,"SPECIES","Aidablennius sphynx (Valenciennes, 1836)","Aidablennius sphynx",,"FR","PRESENT",,"28eb1a3f-1c15-4a95-931a-4af90ecb574d",43.519547,3.915759,2,2019-08-23T11:11:00,23,8,2019,2395596,"HUMAN_OBSERVATION","iNaturalist","POINT (3.915759 43.519547)","POINT (334452.72749341617 4649116.891372828)",19,"Western Mediterranean","Mediterranean Sea",14261,"train"
2366155445,"50c9509d-22c7-4a22-a47d-8c48425ef4a7","https://www.inaturalist.org/observations/31310847","Animalia","Chordata","Actinopterygii","Perciformes","Blenniidae","Aidablennius","Aidablennius sphynx",,"SPECIES","Aidablennius sphynx (Valenciennes, 1836)","Aidablennius sphynx",,"HR","PRESENT",,"28eb1a3f-1c15-4a95-931a-4af90ecb574d",45.250677,14.262494,10,2019-08-21T16:07:00,21,8,2019,2395596,"HUMAN_OBSERVATION","iNaturalist","POINT (14.262494 45.250677)","POINT (1205793.4564633346 4831425.015231643)",19,"Adriatic Sea","Mediterranean Sea",27938,"train"
2366124940,"50c9509d-22c7-4a22-a47d-8c48425ef4a7","https://www.inaturalist.org/observations/31196516","Animalia","Chordata","Actinopterygii","Perciformes","Blenniidae","Aidablennius","Aidablennius sphynx",,"SPECIES","Aidablennius sphynx (Valenciennes, 1836)","Aidablennius sphynx",,"HR","PRESENT",,"28eb1a3f-1c15-4a95-931a-4af90ecb574d",45.250979,14.263309,55,2019-08-19T21:49:13,19,8,2019,2395596,"HUMAN_OBSERVATION","iNaturalist","POINT (14.263309 45.250979)","POINT (1205860.169729268 4831456.751451408)",19,"Adriatic Sea","Mediterranean Sea",27938,"train"
2366122888,"50c9509d-22c7-4a22-a47d-8c48425ef4a7","https://www.inaturalist.org/observations/31195853","Animalia","Chordata","Actinopterygii","Perciformes","Blenniidae","Aidablennius","Aidablennius sphynx",,"SPECIES","Aidablennius sphynx (Valenciennes, 1836)","Aidablennius sphynx",,"HR","PRESENT",,"28eb1a3f-1c15-4a95-931a-4af90ecb574d",45.250977,14.263059,24,2019-08-19T21:42:02,19,8,2019,2395596,"HUMAN_OBSERVATION","iNaturalist","POINT (14.263059 45.250977)","POINT (1205839.0485257928 4831456.541277847)",20,"Adriatic Sea","Mediterranean Sea",27938,"train"
2366054361,"50c9509d-22c7-4a22-a47d-8c48425ef4a7","https://www.inaturalist.org/observations/30948727","Animalia","Chordata","Actinopterygii","Perciformes","Blenniidae","Aidablennius","Aidablennius sphynx",,"SPECIES","Aidablennius sphynx (Valenciennes, 1836)","Aidablennius sphynx",,"IT","PRESENT",,"28eb1a3f-1c15-4a95-931a-4af90ecb574d",42.80729,10.146007,1,2019-08-09T12:31:00,9,8,2019,2395596,"HUMAN_OBSERVATION","iNaturalist","POINT (10.146007 42.80729)","POINT (870136.6890096894 4573893.757589103)",20,"Western Mediterranean","Mediterranean Sea",22731,"train"
2350434200,"50c9509d-22c7-4a22-a47d-8c48425ef4a7","https://www.inaturalist.org/observations/30838350","Animalia","Chordata","Actinopterygii","Perciformes","Blenniidae","Aidablennius","Aidablennius sphynx",,"SPECIES","Aidablennius sphynx (Valenciennes, 1836)","Aidablennius sphynx",,"FR","PRESENT",,"28eb1a3f-1c15-4a95-931a-4af90ecb574d",42.482135,3.136322,58,2019-08-10T19:14:00,10,8,2019,2395596,"HUMAN_OBSERVATION","iNaturalist","POINT (3.136322 42.482135)","POINT (269469.8580398933 4539514.769739252)",20,"Western Mediterranean","Mediterranean Sea",13151,"train"
2331954537,"50c9509d-22c7-4a22-a47d-8c48425ef4a7","https://www.inaturalist.org/observations/30383966","Animalia","Chordata","Actinopterygii","Perciformes","Blenniidae","Aidablennius","Aidablennius sphynx",,"SPECIES","Aidablennius sphynx (Valenciennes, 1836)","Aidablennius sphynx",,"IT","PRESENT",,"28eb1a3f-1c15-4a95-931a-4af90ecb574d",38.918918,8.914689,4,2019-07-19T12:38:00,19,7,2019,2395596,"HUMAN_OBSERVATION","iNaturalist","POINT (8.914689 38.918918)","POINT (780359.5944680156 4161376.079528606)",21,"Western Mediterranean","Mediterranean Sea",21277,"val"
2311334950,"50c9509d-22c7-4a22-a47d-8c48425ef4a7","https://www.inaturalist.org/observations/29629835","Animalia","Chordata","Actinopterygii","Perciformes","Blenniidae","Aidablennius","Aidablennius sphynx",,"SPECIES","Aidablennius sphynx (Valenciennes, 1836)","Aidablennius sphynx",,"FR","PRESENT",,"28eb1a3f-1c15-4a95-931a-4af90ecb574d",42.481935,3.136971,2,2019-07-19T12:26:00,19,7,2019,2395596,"HUMAN_OBSERVATION","iNaturalist","POINT (3.136971 42.481935)","POINT (269525.92226372054 4539493.616278236)",21,"Western Mediterranean","Mediterranean Sea",13151,"train"
2311282995,"50c9509d-22c7-4a22-a47d-8c48425ef4a7","https://www.inaturalist.org/observations/27105134","Animalia","Chordata","Actinopterygii","Perciformes","Blenniidae","Aidablennius","Aidablennius sphynx",,"SPECIES","Aidablennius sphynx (Valenciennes, 1836)","Aidablennius sphynx",,"TR","PRESENT",,"28eb1a3f-1c15-4a95-931a-4af90ecb574d",36.525715,30.553113,31,2018-09-16T12:29:00,16,9,2018,2395596,"HUMAN_OBSERVATION","iNaturalist","POINT (30.553113 36.525715)","POINT (2703837.7368623074 3906266.8930999245)",21,"Levantine Sea","Mediterranean Sea",51396,"train"
2294631848,"50c9509d-22c7-4a22-a47d-8c48425ef4a7","https://www.inaturalist.org/observations/29327339","Animalia","Chordata","Actinopterygii","Perciformes","Blenniidae","Aidablennius","Aidablennius sphynx",,"SPECIES","Aidablennius sphynx (Valenciennes, 1836)","Aidablennius sphynx",,"ES","PRESENT",,"28eb1a3f-1c15-4a95-931a-4af90ecb574d",42.049136,3.22277,44,2019-07-22T10:33:00,22,7,2019,2395596,"HUMAN_OBSERVATION","iNaturalist","POINT (3.22277 42.049136)","POINT (277566.7274838317 4493697.187907383)",22,"Western Mediterranean","Mediterranean Sea",13303,"train"
2294588825,"50c9509d-22c7-4a22-a47d-8c48425ef4a7","https://www.inaturalist.org/observations/29166145","Animalia","Chordata","Actinopterygii","Perciformes","Blenniidae","Aidablennius","Aidablennius sphynx",,"SPECIES","Aidablennius sphynx (Valenciennes, 1836)","Aidablennius sphynx",,"ES","PRESENT",,"28eb1a3f-1c15-4a95-931a-4af90ecb574d",41.857998,3.144519,4,2019-07-20T08:45:00,20,7,2019,2395596,"HUMAN_OBSERVATION","iNaturalist","POINT (3.144519 41.857998)","POINT (271112.8969521086 4473459.219211242)",22,"Western Mediterranean","Mediterranean Sea",13301,"train"
2283209806,"50c9509d-22c7-4a22-a47d-8c48425ef4a7","https://www.inaturalist.org/observations/28373427","Animalia","Chordata","Actinopterygii","Perciformes","Blenniidae","Aidablennius","Aidablennius sphynx",,"SPECIES","Aidablennius sphynx (Valenciennes, 1836)","Aidablennius sphynx",,"FR","PRESENT",,"28eb1a3f-1c15-4a95-931a-4af90ecb574d",43.539612,3.968471,2,2019-07-06T08:55:00,6,7,2019,2395596,"HUMAN_OBSERVATION","iNaturalist","POINT (3.968471 43.539612)","POINT (338915.5753037066 4651234.27513803)",22,"Western Mediterranean","Mediterranean Sea",14261,"train"
2283208310,"50c9509d-22c7-4a22-a47d-8c48425ef4a7","https://www.inaturalist.org/observations/28373430","Animalia","Chordata","Actinopterygii","Perciformes","Blenniidae","Aidablennius","Aidablennius sphynx",,"SPECIES","Aidablennius sphynx (Valenciennes, 1836)","Aidablennius sphynx",,"FR","PRESENT",,"28eb1a3f-1c15-4a95-931a-4af90ecb574d",43.539613,3.968464,2,2019-07-06T09:07:00,6,7,2019,2395596,"HUMAN_OBSERVATION","iNaturalist","POINT (3.968464 43.539613)","POINT (338914.9755258851 4651234.380661854)",23,"Western Mediterranean","Mediterranean Sea",14261,"train"
2283207047,"50c9509d-22c7-4a22-a47d-8c48425ef4a7","https://www.inaturalist.org/observations/28373431","Animalia","Chordata","Actinopterygii","Perciformes","Blenniidae","Aidablennius","Aidablennius sphynx",,"SPECIES","Aidablennius sphynx (Valenciennes, 1836)","Aidablennius sphynx",,"FR","PRESENT",,"28eb1a3f-1c15-4a95-931a-4af90ecb574d",43.539611,3.968468,2,2019-07-06T09:00:00,6,7,2019,2395596,"HUMAN_OBSERVATION","iNaturalist","POINT (3.968468 43.539611)","POINT (338915.32106098835 4651234.169614205)",23,"Western Mediterranean","Mediterranean Sea",14261,"train"
2283185561,"50c9509d-22c7-4a22-a47d-8c48425ef4a7","https://www.inaturalist.org/observations/28288943","Animalia","Chordata","Actinopterygii","Perciformes","Blenniidae","Aidablennius","Aidablennius sphynx",,"SPECIES","Aidablennius sphynx (Valenciennes, 1836)","Aidablennius sphynx",,"IT","PRESENT",,"28eb1a3f-1c15-4a95-931a-4af90ecb574d",39.900482,8.399842,8,2019-06-27T11:19:00,27,6,2019,2395596,"HUMAN_OBSERVATION","iNaturalist","POINT (8.399842 39.900482)","POINT (731741.7434052016 4265774.024864475)",23,"Western Mediterranean","Mediterranean Sea",20503,"val"
2283158866,"50c9509d-22c7-4a22-a47d-8c48425ef4a7","https://www.inaturalist.org/observations/28198580","Animalia","Chordata","Actinopterygii","Perciformes","Blenniidae","Aidablennius","Aidablennius sphynx",,"SPECIES","Aidablennius sphynx (Valenciennes, 1836)","Aidablennius sphynx",,"IT","PRESENT",,"28eb1a3f-1c15-4a95-931a-4af90ecb574d",39.896725,8.417972,2,2019-06-25T13:19:00,25,6,2019,2395596,"HUMAN_OBSERVATION","iNaturalist","POINT (8.417972 39.896725)","POINT (733335.0286310953 4265374.741215385)",24,"Western Mediterranean","Mediterranean Sea",20503,"val"
2283158309,"50c9509d-22c7-4a22-a47d-8c48425ef4a7","https://www.inaturalist.org/observations/28198572","Animalia","Chordata","Actinopterygii","Perciformes","Blenniidae","Aidablennius","Aidablennius sphynx",,"SPECIES","Aidablennius sphynx (Valenciennes, 1836)","Aidablennius sphynx",,"IT","PRESENT",,"28eb1a3f-1c15-4a95-931a-4af90ecb574d",39.896326,8.418151,4,2019-06-25T13:07:00,25,6,2019,2395596,"HUMAN_OBSERVATION","iNaturalist","POINT (8.418151 39.896326)","POINT (733352.0997597212 4265332.336446082)",24,"Western Mediterranean","Mediterranean Sea",20503,"val"
2283089627,"50c9509d-22c7-4a22-a47d-8c48425ef4a7","https://www.inaturalist.org/observations/27954858","Animalia","Chordata","Actinopterygii","Perciformes","Blenniidae","Aidablennius","Aidablennius sphynx",,"SPECIES","Aidablennius sphynx (Valenciennes, 1836)","Aidablennius sphynx",,"FR","PRESENT",,"28eb1a3f-1c15-4a95-931a-4af90ecb574d",43.539615,3.968472,2,2019-06-30T09:44:00,30,6,2019,2395596,"HUMAN_OBSERVATION","iNaturalist","POINT (3.968472 43.539615)","POINT (338915.65481542185 4651234.591709503)",24,"Western Mediterranean","Mediterranean Sea",14261,"train"
2283089295,"50c9509d-22c7-4a22-a47d-8c48425ef4a7","https://www.inaturalist.org/observations/27945054","Animalia","Chordata","Actinopterygii","Perciformes","Blenniidae","Aidablennius","Aidablennius sphynx",,"SPECIES","Aidablennius sphynx (Valenciennes, 1836)","Aidablennius sphynx",,"FR","PRESENT",,"28eb1a3f-1c15-4a95-931a-4af90ecb574d",43.539613,3.968474,2,2019-06-30T10:06:00,30,6,2019,2395596,"HUMAN_OBSERVATION","iNaturalist","POINT (3.968474 43.539613)","POINT (338915.8295464218 4651234.380661854)",25,"Western Mediterranean","Mediterranean Sea",14261,"train"
2251936688,"50c9509d-22c7-4a22-a47d-8c48425ef4a7","https://www.inaturalist.org/observations/25931869","Animalia","Chordata","Actinopterygii","Perciformes","Blenniidae","Aidablennius","Aidablennius sphynx",,"SPECIES","Aidablennius sphynx (Valenciennes, 1836)","Aidablennius sphynx",,"GR","PRESENT",,"28eb1a3f-1c15-4a95-931a-4af90ecb574d",36.908168,25.970365,50,2019-04-25T12:10:00,25,4,2019,2395596,"HUMAN_OBSERVATION","iNaturalist","POINT (25.970365 36.908168)","POINT (2294457.0505110724 3947081.1104951557)",25,"Aegean Sea","Mediterranean Sea",44963,"train"
2251936532,"50c9509d-22c7-4a22-a47d-8c48425ef4a7","https://www.inaturalist.org/observations/25931877","Animalia","Chordata","Actinopterygii","Perciformes","Blenniidae","Aidablennius","Aidablennius sphynx",,"SPECIES","Aidablennius sphynx (Valenciennes, 1836)","Aidablennius sphynx",,"GR","PRESENT",,"28eb1a3f-1c15-4a95-931a-4af90ecb574d",36.908185,25.970611,50,2019-04-25T12:27:00,25,4,2019,2395596,"HUMAN_OBSERVATION","iNaturalist","POINT (25.970611 36.908185)","POINT (2294478.6131159374 3947082.9243457974)",25,"Aegean Sea","Mediterranean Sea",44963,"train"
2251891244,"50c9509d-22c7-4a22-a47d-8c48425ef4a7","https://www.inaturalist.org/observations/25767707","Animalia","Chordata","Actinopterygii","Perciformes","Blenniidae","Aidablennius","Aidablennius sphynx",,"SPECIES","Aidablennius sphynx (Valenciennes, 1836)","Aidablennius sphynx",,"ES","PRESENT",,"28eb1a3f-1c15-4a95-931a-4af90ecb574d",41.855251,3.142878,15,2019-05-22T11:04:00,22,5,2019,2395596,"HUMAN_OBSERVATION","iNaturalist","POINT (3.142878 41.855251)","POINT (270975.505226329 4473168.306747922)",26,"Western Mediterranean","Mediterranean Sea",13301,"train"
2237507915,"50c9509d-22c7-4a22-a47d-8c48425ef4a7","https://www.inaturalist.org/observations/22984474","Animalia","Chordata","Actinopterygii","Perciformes","Blenniidae","Aidablennius","Aidablennius sphynx",,"SPECIES","Aidablennius sphynx (Valenciennes, 1836)","Aidablennius sphynx",,"FR","PRESENT",,"28eb1a3f-1c15-4a95-931a-4af90ecb574d",42.481953,3.137258,15,2018-04-20T07:35:00,20,4,2018,2395596,"HUMAN_OBSERVATION","iNaturalist","POINT (3.137258 42.481953)","POINT (269550.55381355935 4539495.520090088)",26,"Western Mediterranean","Mediterranean Sea",13151,"train"
2028470573,"50c9509d-22c7-4a22-a47d-8c48425ef4a7","https://www.inaturalist.org/observations/21316769","Animalia","Chordata","Actinopterygii","Perciformes","Blenniidae","Aidablennius","Aidablennius sphynx",,"SPECIES","Aidablennius sphynx (Valenciennes, 1836)","Aidablennius sphynx",,"ES","PRESENT",,"28eb1a3f-1c15-4a95-931a-4af90ecb574d",41.855906,3.142806,76,2016-07-10T16:07:00,10,7,2016,2395596,"HUMAN_OBSERVATION","iNaturalist","POINT (3.142806 41.855906)","POINT (270968.3219662839 4473237.672622665)",26,"Western Mediterranean","Mediterranean Sea",13301,"train"
2005345129,"50c9509d-22c7-4a22-a47d-8c48425ef4a7","https://www.inaturalist.org/observations/20366391","Animalia","Chordata","Actinopterygii","Perciformes","Blenniidae","Aidablennius","Aidablennius sphynx",,"SPECIES","Aidablennius sphynx (Valenciennes, 1836)","Aidablennius sphynx",,"HR","PRESENT",,"28eb1a3f-1c15-4a95-931a-4af90ecb574d",44.968091,14.921348,15,2015-08-14T00:00:00,14,8,2015,2395596,"HUMAN_OBSERVATION","iNaturalist","POINT (14.921348 44.968091)","POINT (1263633.9862310435 4801719.615778768)",27,"Adriatic Sea","Mediterranean Sea",28877,"train"
1935607289,"50c9509d-22c7-4a22-a47d-8c48425ef4a7","https://www.inaturalist.org/observations/18128577","Animalia","Chordata","Actinopterygii","Perciformes","Blenniidae","Aidablennius","Aidablennius sphynx",,"SPECIES","Aidablennius sphynx (Valenciennes, 1836)","Aidablennius sphynx",,"IT","PRESENT",,"28eb1a3f-1c15-4a95-931a-4af90ecb574d",38.892525,8.876782,45,2017-06-17T00:00:00,17,6,2017,2395596,"HUMAN_OBSERVATION","iNaturalist","POINT (8.876782 38.892525)","POINT (777140.0285608398 4158566.8348321826)",27,"Western Mediterranean","Mediterranean Sea",21120,"train"
1935594550,"50c9509d-22c7-4a22-a47d-8c48425ef4a7","https://www.inaturalist.org/observations/18071854","Animalia","Chordata","Actinopterygii","Perciformes","Blenniidae","Aidablennius","Aidablennius sphynx",,"SPECIES","Aidablennius sphynx (Valenciennes, 1836)","Aidablennius sphynx",,"IT","PRESENT",,"28eb1a3f-1c15-4a95-931a-4af90ecb574d",41.89367,16.161305,9,2017-07-11T00:00:00,11,7,2017,2395596,"HUMAN_OBSERVATION","iNaturalist","POINT (16.161305 41.89367)","POINT (1393115.644656916 4477236.807292534)",27,"Adriatic Sea","Mediterranean Sea",30886,"train"
1933598576,"50c9509d-22c7-4a22-a47d-8c48425ef4a7","https://www.inaturalist.org/observations/18033841","Animalia","Chordata","Actinopterygii","Perciformes","Blenniidae","Aidablennius","Aidablennius sphynx",,"SPECIES","Aidablennius sphynx (Valenciennes, 1836)","Aidablennius sphynx",,"IT","PRESENT",,"28eb1a3f-1c15-4a95-931a-4af90ecb574d",41.895318,16.160449,12,2017-07-11T00:00:00,11,7,2017,2395596,"HUMAN_OBSERVATION","iNaturalist","POINT (16.160449 41.895318)","POINT (1393029.2211333907 4477411.320488962)",28,"Adriatic Sea","Mediterranean Sea",30886,"train"
1890065798,"50c9509d-22c7-4a22-a47d-8c48425ef4a7","https://www.inaturalist.org/observations/14939286","Animalia","Chordata","Actinopterygii","Perciformes","Blenniidae","Aidablennius","Aidablennius sphynx",,"SPECIES","Aidablennius sphynx (Valenciennes, 1836)","Aidablennius sphynx",,"GR","PRESENT",,"28eb1a3f-1c15-4a95-931a-4af90ecb574d",35.017668,25.857325,31,2018-06-08T09:13:00,8,6,2018,2395596,"HUMAN_OBSERVATION","iNaturalist","POINT (25.857325 35.017668)","POINT (2302774.2243708423 3745204.985234278)",28,"Aegean Sea","Mediterranean Sea",45100,"train"
1847607641,"50c9509d-22c7-4a22-a47d-8c48425ef4a7","https://www.inaturalist.org/observations/12833691","Animalia","Chordata","Actinopterygii","Perciformes","Blenniidae","Aidablennius","Aidablennius sphynx",,"SPECIES","Aidablennius sphynx (Valenciennes, 1836)","Aidablennius sphynx",,"FR","PRESENT",,"28eb1a3f-1c15-4a95-931a-4af90ecb574d",42.72955,9.340074,61,2018-05-26T12:51:00,26,5,2018,2395596,"HUMAN_OBSERVATION","iNaturalist","POINT (9.340074 42.72955)","POINT (801371.6713109757 4565676.379762889)",28,"Western Mediterranean","Mediterranean Sea",21632,"train"
1847607497,"50c9509d-22c7-4a22-a47d-8c48425ef4a7","https://www.inaturalist.org/observations/12833690","Animalia","Chordata","Actinopterygii","Perciformes","Blenniidae","Aidablennius","Aidablennius sphynx",,"SPECIES","Aidablennius sphynx (Valenciennes, 1836)","Aidablennius sphynx",,"FR","PRESENT",,"28eb1a3f-1c15-4a95-931a-4af90ecb574d",42.72955,9.340074,61,2018-05-26T12:49:00,26,5,2018,2395596,"HUMAN_OBSERVATION","iNaturalist","POINT (9.340074 42.72955)","POINT (801371.6713109757 4565676.379762889)",29,"Western Mediterranean","Mediterranean Sea",21632,"train"
1843243447,"50c9509d-22c7-4a22-a47d-8c48425ef4a7","http://www.inaturalist.org/observations/3753068","Animalia","Chordata","Actinopterygii","Perciformes","Blenniidae","Aidablennius","Aidablennius sphynx",,"SPECIES","Aidablennius sphynx (Valenciennes, 1836)","Aidablennius sphynx",,"GR","PRESENT",,"28eb1a3f-1c15-4a95-931a-4af90ecb574d",35.014347,25.848792,61,2016-07-24T07:37:00,24,7,2016,2395596,"HUMAN_OBSERVATION","iNaturalist","POINT (25.848792 35.014347)","POINT (2302045.363898021 3744850.1077905535)",29,"Aegean Sea","Mediterranean Sea",45100,"train"
1837759973,"50c9509d-22c7-4a22-a47d-8c48425ef4a7","https://www.inaturalist.org/observations/10574491","Animalia","Chordata","Actinopterygii","Perciformes","Blenniidae","Aidablennius","Aidablennius sphynx",,"SPECIES","Aidablennius sphynx (Valenciennes, 1836)","Aidablennius sphynx",,"FR","PRESENT",,"28eb1a3f-1c15-4a95-931a-4af90ecb574d",42.693989,9.274935,9,2018-04-02T13:51:00,2,4,2018,2395596,"HUMAN_OBSERVATION","iNaturalist","POINT (9.274935 42.693989)","POINT (795942.9099014867 4561917.009035946)",29,"Western Mediterranean","Mediterranean Sea",21474,"test"
1677289603,"50c9509d-22c7-4a22-a47d-8c48425ef4a7","https://www.inaturalist.org/observations/8370613","Animalia","Chordata","Actinopterygii","Perciformes","Blenniidae","Aidablennius","Aidablennius sphynx",,"SPECIES","Aidablennius sphynx (Valenciennes, 1836)","Aidablennius sphynx",,"FR","PRESENT",,"28eb1a3f-1c15-4a95-931a-4af90ecb574d",42.660269,9.05709,31,2017-08-30T13:53:00,30,8,2017,2395596,"HUMAN_OBSERVATION","iNaturalist","POINT (9.05709 42.660269)","POINT (777396.3353950192 4558351.999359036)",30,"Western Mediterranean","Mediterranean Sea",21160,"train"
1671716964,"50c9509d-22c7-4a22-a47d-8c48425ef4a7","http://www.inaturalist.org/observations/3982746","Animalia","Chordata","Actinopterygii","Perciformes","Blenniidae","Aidablennius","Aidablennius sphynx",,"SPECIES","Aidablennius sphynx (Valenciennes, 1836)","Aidablennius sphynx",,"FR","PRESENT",,"28eb1a3f-1c15-4a95-931a-4af90ecb574d",43.44985,3.809016,41,2016-08-27T18:46:00,27,8,2016,2395596,"HUMAN_OBSERVATION","iNaturalist","POINT (3.809016 43.44985)","POINT (325466.7957754837 4641761.282169732)",30,"Western Mediterranean","Mediterranean Sea",14103,"train"
1640120496,"50c9509d-22c7-4a22-a47d-8c48425ef4a7","https://www.inaturalist.org/observations/7877495","Animalia","Chordata","Actinopterygii","Perciformes","Blenniidae","Aidablennius","Aidablennius sphynx",,"SPECIES","Aidablennius sphynx (Valenciennes, 1836)","Aidablennius sphynx",,"IT","PRESENT",,"28eb1a3f-1c15-4a95-931a-4af90ecb574d",44.215613,9.514308,10,2013-07-16T14:41:00,16,7,2013,2395596,"HUMAN_OBSERVATION","iNaturalist","POINT (9.514308 44.215613)","POINT (809338.6736447726 4722512.801280272)",30,"Western Mediterranean","Mediterranean Sea",21647,"train"
1315052806,"50c9509d-22c7-4a22-a47d-8c48425ef4a7","http://www.inaturalist.org/observations/3994398","Animalia","Chordata","Actinopterygii","Perciformes","Blenniidae","Aidablennius","Aidablennius sphynx",,"SPECIES","Aidablennius sphynx (Valenciennes, 1836)","Aidablennius sphynx",,"FR","PRESENT",,"28eb1a3f-1c15-4a95-931a-4af90ecb574d",42.26359,8.688684,61,2016-07-17T15:28:00,17,7,2016,2395596,"HUMAN_OBSERVATION","iNaturalist","POINT (8.688684 42.26359)","POINT (747437.1845839121 4516394.617752815)",31,"Western Mediterranean","Mediterranean Sea",20685,"train"
1315052796,"50c9509d-22c7-4a22-a47d-8c48425ef4a7","http://www.inaturalist.org/observations/3994399","Animalia","Chordata","Actinopterygii","Perciformes","Blenniidae","Aidablennius","Aidablennius sphynx",,"SPECIES","Aidablennius sphynx (Valenciennes, 1836)","Aidablennius sphynx",,"FR","PRESENT",,"28eb1a3f-1c15-4a95-931a-4af90ecb574d",42.251584,8.626199,31,2016-08-16T15:28:00,16,8,2016,2395596,"HUMAN_OBSERVATION","iNaturalist","POINT (8.626199 42.251584)","POINT (742111.6286992069 4515124.185984252)",31,"Western Mediterranean","Mediterranean Sea",20685,"train"
1315052268,"50c9509d-22c7-4a22-a47d-8c48425ef4a7","http://www.inaturalist.org/observations/3942635","Animalia","Chordata","Actinopterygii","Perciformes","Blenniidae","Aidablennius","Aidablennius sphynx",,"SPECIES","Aidablennius sphynx (Valenciennes, 1836)","Aidablennius sphynx",,"FR","PRESENT",,"28eb1a3f-1c15-4a95-931a-4af90ecb574d",42.251544,8.625759,26,2016-08-16T14:31:00,16,8,2016,2395596,"HUMAN_OBSERVATION","iNaturalist","POINT (8.625759 42.251544)","POINT (742073.9409500303 4515119.953275805)",31,"Western Mediterranean","Mediterranean Sea",20685,"train"
